date,buy,sell
2025-12-31,16698.09,16865.91
2025-12-30,16704.06,16871.94
2025-12-29,16683.17,16850.83
2025-12-24,16706.05,16873.95
2025-12-23,16689.13,16856.87
2025-12-22,16651.33,16818.67
2025-12-19,16638.39,16805.61
2025-12-18,16614.51,16781.49
2025-12-17,16609.53,16776.47
2025-12-16,16585.65,16752.35
2025-12-15,16568.74,16735.26
2025-12-12,16584.66,16751.34
2025-12-11,16604.56,16771.44
2025-12-10,16593.62,16760.38
2025-12-09,16604.56,16771.44
2025-12-08,16571.72,16738.28
2025-12-05,16562.77,16729.23
2025-12-04,16548.84,16715.16
2025-12-03,16548.84,16715.16
2025-12-02,16584.66,16751.34
2025-12-01,16577.69,16744.31
2025-11-28,16560.78,16727.22
2025-11-27,16589.63,16756.37
2025-11-26,16583.67,16750.33
2025-11-25,16625.46,16792.54
2025-11-24,16635.4,16802.6
2025-11-21,16658.29,16825.71
2025-11-20,16648.34,16815.66
2025-11-19,16676.2,16843.8
2025-11-18,16650.33,16817.67
2025-11-17,16626.45,16793.55
2025-11-14,16648.34,16815.66
2025-11-13,16638.39,16805.61
2025-11-12,16614.51,16781.49
2025-11-11,16582.67,16749.33
2025-11-10,16620.48,16787.52
2025-11-07,16623.47,16790.53
2025-11-06,16645.35,16812.65
2025-11-05,16640.38,16807.62
2025-11-04,16580.68,16747.32
2025-11-03,16541.88,16708.13
2025-10-31,16556.8,16723.2
2025-10-30,16547.85,16714.15
2025-10-29,16538.89,16705.11
2025-10-28,16544.86,16711.14
2025-10-27,16546.85,16713.15
2025-10-24,16561.78,16728.22
2025-10-23,16533.92,16700.08
2025-10-22,16506.06,16671.94
2025-10-21,16502.08,16667.92
2025-10-20,16507.05,16672.95
2025-10-17,16497.1,16662.9
2025-10-16,16494.12,16659.88
2025-10-15,16494.12,16659.88
2025-10-14,16497.1,16662.9
2025-10-13,16502.08,16667.92
2025-10-10,16451.33,16616.67
2025-10-09,16522.97,16689.03
2025-10-08,16477.2,16642.8
2025-10-07,16515.01,16680.99
2025-10-06,16527.94,16694.06
2025-10-03,16528.94,16695.06
2025-10-02,16596.6,16763.4
2025-10-01,16608.54,16775.46
2025-09-30,16596.6,16763.4
2025-09-29,16691.13,16858.88
2025-09-26,16668.24,16835.76
2025-09-25,16596.6,16763.4
2025-09-24,16552.82,16719.18
2025-09-23,16523.97,16690.03
2025-09-22,16495.11,16660.89
2025-09-19,16415.51,16580.49
2025-09-18,16347.85,16512.15
2025-09-17,16303.08,16466.92
2025-09-16,16322.98,16487.03
2025-09-15,16309.05,16472.96
2025-09-12,16385.66,16550.34
2025-09-11,16374.72,16539.28
2025-09-10,16379.69,16544.31
2025-09-09,16266.26,16429.74
2025-09-08,16355.81,16520.19
2025-09-04,16341.88,16506.12
2025-09-03,16335.91,16500.09
2025-09-02,16380.68,16545.31
2025-09-01,16378.69,16543.31
2025-08-29,16274.22,16437.78
2025-08-28,16273.23,16436.78
2025-08-27,16195.61,16358.39
2025-08-26,16173.73,16336.27
2025-08-25,16258.3,16421.7
2025-08-22,16201.58,16364.42
2025-08-21,16209.55,16372.45
2025-08-20,16159.8,16322.2
2025-08-19,16081.19,16242.81
2025-08-15,16028.45,16189.55
2025-08-14,16155.82,16318.18
2025-08-13,16216.51,16379.49
2025-08-12,16171.74,16334.26
2025-08-11,16217.5,16380.5
2025-08-08,16230.44,16393.56
2025-08-07,16297.1,16460.9
2025-08-06,16306.06,16469.94
2025-08-05,16306.06,16469.94
2025-08-04,16411.53,16576.47
2025-08-01,16376.7,16541.29
2025-07-31,16305.07,16468.94
2025-07-30,16317.0,16480.99
2025-07-29,16259.3,16422.71
2025-07-28,16243.38,16406.63
2025-07-25,16201.58,16364.42
2025-07-24,16216.51,16379.49
2025-07-23,16225.47,16388.53
2025-07-22,16248.35,16411.65
2025-07-21,16219.5,16382.5
2025-07-18,16247.35,16410.65
2025-07-17,16206.56,16369.44
2025-07-16,16199.59,16362.41
2025-07-15,16165.76,16328.24
2025-07-14,16139.9,16302.1
2025-07-11,16138.9,16301.1
2025-07-10,16172.73,16335.27
2025-07-09,16156.81,16319.19
2025-07-08,16155.82,16318.18
2025-07-07,16122.98,16285.02
2025-07-04,16127.95,16290.05
2025-07-03,16154.82,16317.18
2025-07-02,16111.04,16272.96
2025-07-01,16149.84,16312.16
2025-06-30,16151.83,16314.17
2025-06-26,16210.54,16373.46
2025-06-25,16288.15,16451.85
2025-06-24,16401.58,16566.42
2025-06-23,16317.0,16480.99
2025-06-20,16296.11,16459.89
2025-06-19,16237.41,16400.6
2025-06-18,16199.59,16362.41
2025-06-17,16214.52,16377.48
2025-06-16,16211.53,16374.47
2025-06-13,16155.82,16318.18
2025-06-12,16183.67,16346.33
2025-06-11,16194.62,16357.38
2025-06-10,16195.61,16358.39
2025-06-05,16223.48,16386.53
2025-06-04,16206.56,16369.44
2025-06-03,16215.51,16378.49
2025-06-02,16218.5,16381.5
2025-05-28,16173.73,16336.27
2025-05-27,16125.97,16288.03
2025-05-26,16207.56,16370.44
2025-05-23,16231.43,16394.56
2025-05-22,16330.93,16495.06
2025-05-21,16323.97,16488.03
2025-05-20,16372.73,16537.28
2025-05-19,16341.88,16506.12
2025-05-16,16452.33,16617.67
2025-05-15,16485.16,16650.84
2025-05-14,16449.34,16614.66
2025-05-09,16414.51,16579.49
2025-05-08,16450.33,16615.67
2025-05-07,16389.64,16554.36
2025-05-06,16338.9,16503.1
2025-05-05,16410.53,16575.47
2025-05-02,16595.6,16762.4
2025-04-30,16703.06,16870.94
2025-04-29,16777.69,16946.31
2025-04-28,16744.85,16913.15
2025-04-25,16799.58,16968.42
2025-04-24,16795.6,16964.4
2025-04-23,16777.69,16946.31
2025-04-22,16723.96,16892.04
2025-04-21,16748.83,16917.17
2025-04-17,16760.78,16929.22
2025-04-16,16730.92,16899.08
2025-04-15,16689.13,16856.87
2025-04-14,16720.97,16889.03
2025-04-11,16695.1,16862.9
2025-04-10,16858.28,17027.72
2025-04-09,16764.76,16933.24
2025-04-08,16483.17,16648.83
2025-03-27,16505.06,16670.94
2025-03-26,16538.89,16705.11
2025-03-25,16478.19,16643.81
2025-03-24,16418.49,16583.51
2025-03-21,16398.6,16563.4
2025-03-20,16445.36,16610.64
2025-03-19,16349.84,16514.16
2025-03-18,16297.1,16460.9
2025-03-17,16310.04,16473.96
2025-03-14,16345.86,16510.14
2025-03-13,16370.74,16535.26
2025-03-12,16347.85,16512.15
2025-03-11,16244.37,16407.63
2025-03-10,16254.32,16417.68
2025-03-07,16233.42,16396.58
2025-03-06,16289.15,16452.85
2025-03-05,16360.78,16525.22
2025-03-04,16423.47,16588.53
2025-03-03,16492.13,16657.88
2025-02-28,16348.84,16513.15
2025-02-27,16305.07,16468.94
2025-02-26,16234.42,16397.58
2025-02-25,16221.49,16384.51
2025-02-24,16218.5,16381.5
2025-02-21,16262.28,16425.72
2025-02-20,16275.22,16438.78
2025-02-19,16193.63,16356.38
2025-02-18,16126.96,16289.04
2025-02-17,16203.58,16366.42
2025-02-14,16283.17,16446.83
2025-02-13,16282.18,16445.82
2025-02-12,16298.1,16461.9
2025-02-11,16268.25,16431.75
2025-02-10,16243.38,16406.63
2025-02-07,16248.35,16411.65
2025-02-06,16226.46,16389.54
2025-02-05,16283.17,16446.83
2025-02-04,16370.74,16535.26
2025-02-03,16230.44,16393.56
2025-01-31,16177.7,16340.3
2025-01-30,16119.0,16281.0
2025-01-24,16194.62,16357.38
2025-01-23,16245.36,16408.63
2025-01-22,16249.34,16412.65
2025-01-21,16290.14,16453.86
2025-01-20,16291.14,16454.87
2025-01-17,16296.11,16459.89
2025-01-16,16229.44,16392.56
2025-01-15,16183.67,16346.33
2025-01-14,16199.59,16362.41
2025-01-13,16113.03,16274.97
2025-01-10,16156.81,16319.19
2025-01-09,16120.0,16282.0
2025-01-08,16088.16,16249.84
2025-01-07,16112.03,16273.97
2025-01-06,16135.92,16298.08
2025-01-03,16154.82,16317.18
2025-01-02,16076.22,16237.78
2024-12-31,16081.19,16242.81
2024-12-30,16169.75,16332.25
2024-12-27,16126.96,16289.04
2024-12-24,16078.2,16239.8
2024-12-23,16188.65,16351.35
2024-12-20,16195.61,16358.39
2024-12-19,16019.5,16180.5
2024-12-18,15969.75,16130.25
2024-12-17,15938.91,16099.09
2024-12-16,15907.07,16066.93
2024-12-13,15859.31,16018.69
2024-12-12,15825.48,15984.52
2024-12-11,15794.63,15953.37
2024-12-10,15781.69,15940.31
2024-12-09,15768.76,15927.24
2024-12-06,15812.54,15971.46
2024-12-05,15877.22,16036.78
2024-12-04,15870.25,16029.75
2024-12-03,15825.48,15984.52
2024-12-02,15776.72,15935.28
2024-11-29,15784.68,15943.32
2024-11-28,15850.35,16009.65
2024-11-26,15784.68,15943.32
2024-11-25,15831.44,15990.56
2024-11-22,15862.29,16021.71
2024-11-21,15778.71,15937.29
2024-11-20,15736.92,15895.08
2024-11-19,15768.76,15927.24
2024-11-18,15808.56,15967.44
2024-11-15,15793.64,15952.36
2024-11-14,15703.09,15860.91
2024-11-13,15692.15,15849.85
2024-11-12,15598.61,15755.39
2024-11-11,15592.65,15749.35
2024-11-08,15688.17,15845.83
2024-11-07,15760.8,15919.2
2024-11-06,15687.17,15844.83
2024-11-05,15672.25,15829.75
2024-11-04,15644.39,15801.61
2024-11-01,15626.48,15783.52
2024-10-31,15653.34,15810.66
2024-10-30,15681.2,15838.8
2024-10-29,15650.35,15807.65
2024-10-28,15550.85,15707.15
2024-10-25,15515.03,15670.97
2024-10-24,15541.9,15698.1
2024-10-23,15482.2,15637.8
2024-10-22,15387.67,15542.33
2024-10-21,15388.67,15543.33
2024-10-18,15438.42,15593.58
2024-10-17,15458.32,15613.68
2024-10-16,15477.23,15632.77
2024-10-15,15503.09,15658.91
2024-10-14,15530.95,15687.05
2024-10-11,15579.71,15736.29
2024-10-10,15528.97,15685.03
2024-10-09,15592.65,15749.35
2024-10-08,15601.6,15758.4
2024-10-07,15417.52,15572.48
2024-10-04,15317.03,15470.97
2024-10-03,15170.76,15323.24
2024-10-02,15127.98,15280.02
2024-10-01,15068.28,15219.72
2024-09-30,15062.31,15213.69
2024-09-27,15095.15,15246.85
2024-09-26,15016.54,15167.46
2024-09-25,15110.07,15261.93
2024-09-24,15115.05,15266.95
2024-09-23,15024.5,15175.5
2024-09-20,15210.57,15363.43
2024-09-19,15273.25,15426.75
2024-09-18,15261.31,15414.69
2024-09-17,15327.98,15482.02
2024-09-13,15343.9,15498.1
2024-09-12,15337.92,15492.08
2024-09-11,15369.76,15524.24
2024-09-10,15368.77,15523.23
2024-09-09,15295.14,15448.86
2024-09-06,15332.95,15487.05
2024-09-05,15412.55,15567.45
2024-09-04,15479.22,15634.78
2024-09-03,15458.32,15613.68
2024-09-02,15395.64,15550.36
2024-08-30,15331.95,15486.05
2024-08-29,15398.62,15553.38
2024-08-28,15431.45,15586.55
2024-08-27,15303.1,15456.9
2024-08-26,15476.23,15631.77
2024-08-23,15501.1,15656.9
2024-08-22,15378.72,15533.28
2024-08-21,15402.6,15557.4
2024-08-20,15513.05,15668.95
2024-08-19,15637.42,15794.58
2024-08-16,15608.57,15765.43
2024-08-15,15612.55,15769.45
2024-08-14,15805.58,15964.42
2024-08-13,15883.18,16042.82
2024-08-12,15834.43,15993.57
2024-08-09,15872.24,16031.76
2024-08-08,16019.5,16180.5
2024-08-07,16102.08,16263.92
2024-08-06,16073.23,16234.77
2024-08-05,16152.83,16315.17
2024-08-02,16161.78,16324.22
2024-08-01,16212.53,16375.47
2024-07-31,16238.4,16401.6
2024-07-30,16204.57,16367.43
2024-07-29,16212.53,16375.47
2024-07-26,16186.66,16349.34
2024-07-25,16142.88,16305.12
2024-07-24,16122.98,16285.02
2024-07-23,16146.86,16309.14
2024-07-22,16118.0,16280.0
2024-07-19,16079.2,16240.8
2024-07-18,16048.35,16209.65
2024-07-17,16121.99,16284.01
2024-07-16,16093.13,16254.87
2024-07-15,16073.23,16234.77
2024-07-12,16119.0,16281.0
2024-07-11,16174.72,16337.28
2024-07-10,16199.59,16362.41
2024-07-09,16183.67,16346.33
2024-07-08,16230.44,16393.56
2024-07-05,16259.3,16422.71
2024-07-04,16305.07,16468.94
2024-07-03,16302.08,16465.92
2024-07-02,16273.23,16436.78
2024-07-01,16312.03,16475.97
2024-06-28,16338.9,16503.1
2024-06-27,16352.83,16517.17
2024-06-26,16297.1,16460.9
2024-06-25,16348.84,16513.15
2024-06-24,16375.71,16540.29
2024-06-21,16337.9,16502.1
2024-06-20,16286.16,16449.84
2024-06-19,16292.13,16455.87
2024-06-14,16204.57,16367.43
2024-06-13,16215.51,16378.49
2024-06-12,16213.52,16376.48
2024-06-11,16208.55,16371.45
2024-06-10,16136.91,16299.09
2024-06-07,16197.6,16360.4
2024-06-06,16200.59,16363.41
2024-06-05,16138.9,16301.1
2024-06-04,16143.88,16306.13
2024-06-03,16169.75,16332.25
2024-05-31,16171.74,16334.26
2024-05-30,16079.2,16240.8
2024-05-29,16014.52,16175.48
2024-05-28,15983.68,16144.32
2024-05-27,15915.02,16074.98
2024-05-22,15943.88,16104.12
2024-05-21,15900.1,16059.9
2024-05-20,15898.11,16057.89
2024-05-17,15864.28,16023.72
2024-05-16,15989.65,16150.35
2024-05-15,16050.34,16211.66
2024-05-14,16004.58,16165.42
2024-05-13,16000.59,16161.41
2024-05-08,15973.73,16134.27
2024-05-07,15944.88,16105.13
2024-05-06,16013.53,16174.47
2024-05-03,16120.99,16283.01
2024-05-02,16194.62,16357.38
2024-04-30,16167.75,16330.25
2024-04-29,16140.89,16303.11
2024-04-26,16126.96,16289.04
2024-04-25,16080.19,16241.81
2024-04-24,16162.78,16325.22
2024-04-23,16142.88,16305.12
2024-04-22,16198.6,16361.4
2024-04-19,16096.11,16257.89
2024-04-18,16158.8,16321.2
2024-04-17,16095.12,16256.88
2024-04-16,15793.64,15952.36
2024-04-05,15827.47,15986.53
2024-04-04,15843.39,16002.61
2024-04-03,15854.33,16013.67
2024-04-02,15829.45,15988.55
2024-04-01,15793.64,15952.36
2024-03-28,15773.74,15932.26
2024-03-27,15718.01,15875.99
2024-03-26,15716.02,15873.98
2024-03-25,15694.14,15851.86
2024-03-22,15583.69,15740.31
2024-03-21,15648.36,15805.64
2024-03-20,15633.44,15790.56
2024-03-19,15593.64,15750.36
2024-03-18,15545.88,15702.12
2024-03-15,15504.09,15659.91
2024-03-14,15498.12,15653.88
2024-03-13,15524.99,15681.01
2024-03-08,15579.71,15736.29
2024-03-07,15644.39,15801.61
2024-03-06,15677.22,15834.78
2024-03-05,15644.39,15801.61
2024-03-04,15617.52,15774.48
2024-03-01,15636.42,15793.58
2024-02-29,15594.64,15751.36
2024-02-28,15576.73,15733.27
2024-02-27,15556.83,15713.17
2024-02-26,15511.06,15666.94
2024-02-23,15551.85,15708.15
2024-02-22,15579.71,15736.29
2024-02-21,15580.7,15737.3
2024-02-20,15551.85,15708.15
2024-02-19,15575.73,15732.27
2024-02-16,15527.97,15684.03
2024-02-15,15507.08,15662.92
2024-02-13,15533.94,15690.06
2024-02-12,15606.58,15763.42
2024-02-07,15655.33,15812.67
2024-02-06,15626.48,15783.52
2024-02-05,15609.56,15766.44
2024-02-02,15696.13,15853.88
2024-02-01,15723.99,15882.01
2024-01-31,15717.02,15874.98
2024-01-30,15745.88,15904.13
2024-01-29,15749.85,15908.15
2024-01-26,15688.17,15845.83
2024-01-25,15640.41,15797.59
2024-01-24,15577.72,15734.28
2024-01-23,15548.86,15705.14
2024-01-22,15549.86,15706.14
2024-01-19,15551.85,15708.15
2024-01-18,15560.81,15717.19
2024-01-17,15514.04,15669.96
2024-01-16,15477.23,15632.77
2024-01-15,15481.2,15636.8
2024-01-12,15480.21,15635.79
2024-01-11,15490.16,15645.84
2024-01-10,15440.41,15595.59
2024-01-09,15444.39,15599.61
2024-01-08,15440.41,15595.59
2024-01-05,15447.38,15602.63
2024-01-04,15417.52,15572.48
2024-01-03,15395.64,15550.36
2024-01-02,15361.81,15516.19
2023-12-29,15338.92,15493.08
2023-12-28,15336.93,15491.07
2023-12-27,15411.56,15566.44
2023-12-22,15455.33,15610.67
2023-12-21,15434.44,15589.56
2023-12-20,15428.47,15583.53
2023-12-19,15438.42,15593.58
2023-12-18,15425.49,15580.51
2023-12-15,15415.53,15570.47
2023-12-14,15550.85,15707.15
2023-12-13,15552.84,15709.16
2023-12-12,15535.93,15692.07
2023-12-11,15422.5,15577.5
2023-12-08,15458.32,15613.68
2023-12-07,15426.48,15581.52
2023-12-06,15426.48,15581.52
2023-12-05,15368.77,15523.23
2023-12-04,15446.38,15601.62
2023-12-01,15406.58,15561.42
2023-11-30,15307.08,15460.92
2023-11-29,15372.75,15527.25
2023-11-28,15449.36,15604.64
2023-11-27,15509.07,15664.93
2023-11-24,15515.03,15670.97
2023-11-23,15506.08,15661.92
2023-11-22,15358.82,15513.18
2023-11-21,15341.91,15496.09
2023-11-20,15426.48,15581.52
2023-11-17,15517.02,15672.98
2023-11-16,15425.49,15580.51
2023-11-15,15620.5,15777.5
2023-11-14,15634.43,15791.57
2023-11-13,15614.53,15771.47
2023-11-10,15570.75,15727.25
2023-11-09,15550.85,15707.15
2023-11-08,15515.03,15670.97
2023-11-07,15472.25,15627.75
2023-11-06,15692.15,15849.85
2023-11-03,15781.69,15940.31
2023-11-02,15866.27,16025.73
2023-11-01,15817.51,15976.49
2023-10-31,15836.42,15995.58
2023-10-30,15861.3,16020.7
2023-10-27,15853.33,16012.67
2023-10-26,15791.65,15950.35
2023-10-25,15789.66,15948.34
2023-10-24,15863.28,16022.72
2023-10-23,15776.72,15935.28
2023-10-20,15758.81,15917.19
2023-10-19,15652.34,15809.66
2023-10-18,15639.41,15796.59
2023-10-17,15637.42,15794.58
2023-10-16,15630.45,15787.55
2023-10-13,15623.49,15780.51
2023-10-12,15631.45,15788.55
2023-10-11,15629.46,15786.54
2023-10-10,15596.63,15753.38
2023-10-09,15549.86,15706.14
2023-10-06,15523.0,15679.0
2023-10-05,15557.82,15714.18
2023-10-04,15522.0,15678.0
2023-10-03,15441.41,15596.59
2023-10-02,15409.57,15564.43
2023-09-29,15448.37,15603.63
2023-09-27,15386.68,15541.32
2023-09-26,15322.0,15476.0
2023-09-25,15306.08,15459.92
2023-09-22,15320.01,15473.99
2023-09-21,15319.02,15472.98
2023-09-20,15304.09,15457.91
2023-09-19,15296.14,15449.86
2023-09-18,15290.17,15443.83
2023-09-15,15280.22,15433.78
2023-09-14,15290.17,15443.83
2023-09-13,15267.28,15420.72
2023-09-12,15275.24,15428.76
2023-09-11,15264.3,15417.7
2023-09-08,15257.33,15410.67
2023-09-07,15230.47,15383.53
2023-09-06,15183.7,15336.3
2023-09-05,15170.76,15323.24
2023-09-04,15175.74,15328.26
2023-09-01,15160.82,15313.18
2023-08-31,15162.81,15315.19
2023-08-30,15186.68,15339.32
2023-08-29,15217.53,15370.47
2023-08-28,15220.51,15373.49
2023-08-25,15176.74,15329.26
2023-08-24,15242.41,15395.59
2023-08-23,15249.37,15402.63
2023-08-22,15252.35,15405.65
2023-08-21,15231.46,15384.54
2023-08-18,15231.46,15384.54
2023-08-16,15269.27,15422.73
2023-08-15,15246.39,15399.61
2023-08-14,15148.88,15301.13
2023-08-11,15127.98,15280.02
2023-08-10,15129.97,15282.03
2023-08-09,15152.85,15305.15
2023-08-08,15102.11,15253.89
2023-08-07,15092.16,15243.84
2023-08-04,15122.01,15273.99
2023-08-03,15095.15,15246.85
2023-08-02,15041.42,15192.58
2023-08-01,15016.54,15167.46
2023-07-31,15007.58,15158.42
2023-07-28,14927.99,15078.01
2023-07-27,14956.84,15107.16
2023-07-26,14931.97,15082.03
2023-07-25,14952.86,15103.14
2023-07-24,14950.87,15101.13
2023-07-21,14916.05,15065.95
2023-07-20,14919.03,15068.97
2023-07-18,14931.97,15082.03
2023-07-17,14870.27,15019.73
2023-07-14,14903.11,15052.89
2023-07-13,15008.58,15159.42
2023-07-12,15086.19,15237.81
2023-07-11,15116.04,15267.96
2023-07-10,15060.32,15211.68
2023-07-07,14986.69,15137.31
2023-07-06,14937.93,15088.07
2023-07-05,14942.91,15093.09
2023-07-04,14958.83,15109.17
2023-07-03,14925.0,15075.0
2023-06-27,14950.87,15101.13
2023-06-26,14923.01,15072.99
2023-06-23,14843.41,14992.59
2023-06-22,14907.09,15056.91
2023-06-21,14964.8,15115.2
2023-06-20,14919.03,15068.97
2023-06-19,14870.27,15019.73
2023-06-16,14868.28,15017.72
2023-06-15,14820.52,14969.48
2023-06-14,14793.66,14942.34
2023-06-13,14799.63,14948.37
2023-06-12,14778.74,14927.26
2023-06-09,14828.49,14977.51
2023-06-08,14800.63,14949.38
2023-06-07,14764.81,14913.19
2023-06-06,14813.56,14962.44
2023-06-05,14927.99,15078.01
2023-05-31,14894.16,15043.84
2023-05-30,14898.14,15047.86
2023-05-29,14884.2,15033.8
2023-05-26,14877.24,15026.76
2023-05-25,14830.48,14979.52
2023-05-24,14803.61,14952.39
2023-05-23,14822.51,14971.49
2023-05-22,14861.32,15010.68
2023-05-19,14800.63,14949.38
2023-05-17,14735.95,14884.05
2023-05-16,14737.94,14886.06
2023-05-15,14678.24,14825.76
2023-05-12,14648.39,14795.61
2023-05-11,14672.27,14819.73
2023-05-10,14683.22,14830.78
2023-05-09,14635.45,14782.55
2023-05-08,14600.63,14747.37
2023-05-05,14558.84,14705.16
2023-05-04,14632.47,14779.53
2023-05-03,14629.49,14776.51
2023-05-02,14587.69,14734.31
2023-04-28,14677.25,14824.75
2023-04-27,14807.59,14956.41
2023-04-26,14780.73,14929.27
2023-04-18,14699.14,14846.86
2023-04-17,14592.67,14739.33
2023-04-14,14718.04,14865.96
2023-04-13,14791.67,14940.33
2023-04-12,14813.56,14962.44
2023-04-11,14830.48,14979.52
2023-04-10,14868.28,15017.72
2023-04-06,14858.33,15007.67
2023-04-05,14838.43,14987.57
2023-04-04,14915.05,15064.95
2023-04-03,14902.11,15051.89
2023-03-31,14986.69,15137.31
2023-03-30,15018.53,15169.47
2023-03-29,15012.56,15163.44
2023-03-28,15098.13,15249.87
2023-03-27,15113.06,15264.94
2023-03-24,15272.25,15425.75
2023-03-21,15295.14,15448.86
2023-03-20,15287.18,15440.82
2023-03-17,15340.91,15495.09
2023-03-16,15288.17,15441.83
2023-03-15,15303.1,15456.9
2023-03-14,15297.13,15450.87
2023-03-13,15390.66,15545.34
2023-03-10,15360.81,15515.19
2023-03-09,15373.75,15528.25
2023-03-08,15282.2,15435.8
2023-03-07,15224.5,15377.5
2023-03-06,15229.47,15382.53
2023-03-03,15196.64,15349.36
2023-03-02,15173.75,15326.25
2023-03-01,15163.8,15316.2
2023-02-28,15197.63,15350.37
2023-02-27,15139.92,15292.08
2023-02-24,15111.07,15262.93
2023-02-23,15141.91,15294.09
2023-02-22,15103.1,15254.9
2023-02-21,15092.16,15243.84
2023-02-20,15123.0,15275.0
2023-02-17,15100.12,15251.88
2023-02-16,15118.03,15269.97
2023-02-15,15092.16,15243.84
2023-02-14,15139.92,15292.08
2023-02-13,15064.3,15215.7
2023-02-10,15044.4,15195.6
2023-02-09,15046.39,15197.61
2023-02-08,15063.31,15214.69
2023-02-07,14979.73,15130.27
2023-02-06,14823.51,14972.49
2023-02-03,14793.66,14942.34
2023-02-02,14916.05,15065.95
2023-02-01,14917.04,15066.96
2023-01-31,14904.1,15053.9
2023-01-30,14903.11,15052.89
2023-01-27,14889.18,15038.82
2023-01-26,14883.21,15032.79
2023-01-25,14855.35,15004.65
2023-01-24,15045.4,15196.6
2023-01-20,15037.43,15188.57
2023-01-19,15061.32,15212.68
2023-01-18,15078.23,15229.77
2023-01-17,14943.91,15094.09
2023-01-16,15101.11,15252.89
2023-01-13,15289.17,15442.83
2023-01-12,15449.36,15604.64
2023-01-11,15511.06,15666.94
2023-01-10,15496.13,15651.87
2023-01-09,15556.83,15713.17
2023-01-06,15531.95,15688.05
2023-01-05,15536.92,15693.08
2023-01-04,15512.05,15667.95
2023-01-03,15494.14,15649.86
2023-01-02,15514.04,15669.96
2022-12-30,15652.34,15809.66
2022-12-29,15624.49,15781.51
2022-12-28,15580.7,15737.3
2022-12-27,15557.82,15714.18
2022-12-26,15526.98,15683.02
2022-12-23,15516.03,15671.97
2022-12-22,15523.0,15679.0
2022-12-21,15529.96,15686.04
2022-12-20,15542.9,15699.1
2022-12-19,15538.92,15695.08
2022-12-16,15551.85,15708.15
2022-12-15,15540.91,15697.09
2022-12-14,15582.69,15739.31
2022-12-13,15563.79,15720.21
2022-12-12,15509.07,15664.93
2022-12-09,15545.88,15702.12
2022-12-08,15540.91,15697.09
2022-12-07,15498.12,15653.88
2022-12-06,15331.95,15486.05
2022-12-05,15351.85,15506.15
2022-12-02,15538.92,15695.08
2022-12-01,15663.29,15820.71
2022-11-30,15658.32,15815.68
2022-11-29,15650.35,15807.65
2022-11-28,15589.66,15746.34
2022-11-25,15568.76,15725.24
2022-11-24,15621.5,15778.5
2022-11-23,15637.42,15794.58
2022-11-22,15628.47,15785.53
2022-11-21,15613.54,15770.46
2022-11-18,15608.57,15765.43
2022-11-17,15531.95,15688.05
2022-11-16,15486.18,15641.82
2022-11-15,15421.5,15576.5
2022-11-14,15415.53,15570.47
2022-11-11,15622.5,15779.5
2022-11-10,15575.73,15732.27
2022-11-09,15605.58,15762.42
2022-11-08,15613.54,15770.46
2022-11-07,15657.32,15814.68
2022-11-04,15602.59,15759.41
2022-11-03,15573.74,15730.26
2022-11-02,15568.76,15725.24
2022-11-01,15518.02,15673.98
2022-10-31,15464.29,15619.71
2022-10-28,15495.14,15650.86
2022-10-27,15518.02,15673.98
2022-10-26,15537.92,15694.08
2022-10-25,15512.05,15667.95
2022-10-24,15531.95,15688.05
2022-10-21,15501.1,15656.9
2022-10-20,15413.55,15568.45
2022-10-19,15391.66,15546.34
2022-10-18,15402.6,15557.4
2022-10-17,15313.05,15466.95
2022-10-14,15280.22,15433.78
2022-10-13,15296.14,15449.86
2022-10-12,15285.19,15438.81
2022-10-11,15222.5,15375.5
2022-10-10,15169.77,15322.23
2022-10-07,15121.01,15272.99
2022-10-06,15120.02,15271.98
2022-10-05,15199.62,15352.38
2022-10-04,15216.53,15369.47
2022-10-03,15155.84,15308.16
2022-09-30,15170.76,15323.24
2022-09-29,15166.78,15319.22
2022-09-28,15079.23,15230.77
2022-09-27,15043.41,15194.59
2022-09-26,14959.83,15110.17
2022-09-23,14957.83,15108.17
2022-09-22,14935.94,15086.06
2022-09-21,14900.13,15049.88
2022-09-20,14905.1,15054.9
2022-09-19,14864.31,15013.69
2022-09-16,14824.5,14973.5
2022-09-15,14848.39,14997.61
2022-09-14,14786.69,14935.31
2022-09-13,14764.81,14913.19
2022-09-12,14771.77,14920.23
2022-09-09,14830.48,14979.52
2022-09-08,14852.36,15001.64
2022-09-07,14810.58,14959.42
2022-09-06,14845.4,14994.6
2022-09-05,14825.5,14974.5
2022-09-02,14809.58,14958.42
2022-09-01,14778.74,14927.26
2022-08-31,14800.63,14949.38
2022-08-30,14812.57,14961.43
2022-08-29,14739.93,14888.07
2022-08-26,14752.86,14901.14
2022-08-25,14776.75,14925.25
2022-08-24,14818.53,14967.47
2022-08-23,14807.59,14956.41
2022-08-22,14783.71,14932.29
2022-08-19,14747.89,14896.11
2022-08-18,14693.17,14840.83
2022-08-16,14653.36,14800.64
2022-08-15,14614.56,14761.44
2022-08-12,14725.0,14873.0
2022-08-11,14800.63,14949.38
2022-08-10,14787.69,14936.31
2022-08-09,14840.42,14989.58
2022-08-08,14829.48,14978.52
2022-08-05,14854.35,15003.65
2022-08-04,14842.42,14991.58
2022-08-03,14813.56,14962.44
2022-08-02,14799.63,14948.37
2022-08-01,14785.7,14934.3
2022-07-29,14883.21,15032.79
2022-07-28,14944.9,15095.1
2022-07-27,14909.08,15058.92
2022-07-26,14917.04,15066.96
2022-07-25,14948.88,15099.12
2022-07-22,14941.92,15092.08
2022-07-21,14909.08,15058.92
2022-07-20,14917.04,15066.96
2022-07-19,14911.07,15060.93
2022-07-18,14924.0,15074.0
2022-07-15,14924.0,15074.0
2022-07-14,14910.08,15059.92
2022-07-13,14918.03,15067.97
2022-07-12,14894.16,15043.84
2022-07-11,14906.1,15055.91
2022-07-08,14911.07,15060.93
2022-07-07,14939.93,15090.08
2022-07-06,14915.05,15064.95
2022-07-05,14885.2,15034.8
2022-07-04,14881.22,15030.78
2022-07-01,14807.59,14956.41
2022-06-30,14773.76,14922.24
2022-06-29,14762.82,14911.19
2022-06-28,14727.99,14876.01
2022-06-27,14771.77,14920.23
2022-06-24,14760.83,14909.18
2022-06-23,14785.7,14934.3
2022-06-22,14729.98,14878.02
2022-06-21,14761.82,14910.18
2022-06-20,14753.86,14902.14
2022-06-17,14667.3,14814.71
2022-06-16,14672.27,14819.73
2022-06-15,14655.36,14802.65
2022-06-14,14598.64,14745.36
2022-06-13,14496.16,14641.85
2022-06-10,14482.23,14627.78
2022-06-09,14404.62,14549.39
2022-06-08,14391.68,14536.32
2022-06-07,14389.69,14534.31
2022-06-06,14358.85,14503.16
2022-06-03,14453.37,14598.63
2022-06-02,14519.04,14664.96
2022-05-31,14471.28,14616.72
2022-05-30,14505.11,14650.89
2022-05-27,14571.78,14718.23
2022-05-25,14579.74,14726.27
2022-05-24,14591.68,14738.33
2022-05-23,14587.7,14734.31
2022-05-20,14657.35,14804.66
2022-05-19,14608.59,14755.41
2022-05-18,14577.75,14724.26
2022-05-17,14545.91,14692.1
2022-05-13,14512.08,14657.93
2022-05-12,14473.27,14618.73
2022-05-11,14473.27,14618.73
2022-05-10,14461.33,14606.67
2022-05-09,14407.6,14552.4
2022-04-28,14345.91,14490.09
2022-04-27,14339.94,14484.06
2022-04-26,14379.74,14524.26
2022-04-25,14289.2,14432.81
2022-04-22,14276.26,14419.74
2022-04-21,14279.25,14422.76
2022-04-20,14275.27,14418.74
2022-04-19,14284.22,14427.78
2022-04-18,14277.26,14420.75
2022-04-14,14287.21,14430.8
2022-04-13,14292.18,14435.82
2022-04-12,14298.15,14441.85
2022-04-11,14293.18,14436.83
2022-04-08,14287.21,14430.8
2022-04-07,14292.18,14435.82
2022-04-06,14276.26,14419.74
2022-04-05,14290.19,14433.81
2022-04-04,14292.18,14435.82
2022-04-01,14285.22,14428.79
2022-03-31,14277.26,14420.75
2022-03-30,14292.18,14435.82
2022-03-29,14288.2,14431.8
2022-03-28,14269.3,14412.71
2022-03-25,14289.2,14432.81
2022-03-24,14279.25,14422.76
2022-03-23,14286.21,14429.79
2022-03-22,14269.3,14412.71
2022-03-21,14268.3,14411.7
2022-03-18,14218.55,14361.45
2022-03-17,14239.45,14382.56
2022-03-16,14249.4,14392.61
2022-03-15,14256.36,14399.64
2022-03-14,14234.47,14377.53
2022-03-11,14226.51,14369.49
2022-03-10,14299.15,14442.86
2022-03-09,14322.03,14465.97
2022-03-08,14338.95,14483.06
2022-03-07,14311.09,14454.92
2022-03-04,14301.14,14444.87
2022-03-02,14278.25,14421.75
2022-03-01,14297.16,14440.85
2022-02-25,14299.15,14442.86
2022-02-24,14283.23,14426.78
2022-02-23,14290.19,14433.81
2022-02-22,14257.36,14400.65
2022-02-21,14267.31,14410.7
2022-02-18,14229.5,14372.51
2022-02-17,14206.61,14349.39
2022-02-16,14220.54,14363.46
2022-02-15,14266.31,14409.69
2022-02-14,14287.21,14430.8
2022-02-11,14272.28,14415.72
2022-02-10,14294.17,14437.83
2022-02-09,14313.08,14456.93
2022-02-08,14331.98,14476.02
2022-02-07,14304.12,14447.88
2022-02-04,14309.1,14452.91
2022-02-03,14275.27,14418.74
2022-02-02,14320.04,14463.96
2022-01-31,14309.1,14452.91
2022-01-28,14313.08,14456.93
2022-01-27,14274.27,14417.73
2022-01-26,14286.21,14429.79
2022-01-25,14255.37,14398.64
2022-01-24,14275.27,14418.74
2022-01-21,14282.23,14425.77
2022-01-20,14298.15,14441.85
2022-01-19,14253.38,14396.63
2022-01-18,14251.39,14394.62
2022-01-17,14238.45,14381.55
2022-01-14,14239.45,14382.56
2022-01-13,14230.49,14373.51
2022-01-12,14227.51,14370.5
2022-01-11,14251.39,14394.62
2022-01-10,14288.2,14431.8
2022-01-07,14324.02,14467.98
2022-01-06,14293.18,14436.83
2022-01-05,14238.45,14381.55
2022-01-04,14198.65,14341.35
2022-01-03,14206.61,14349.39
2021-12-31,14197.66,14340.35
2021-12-30,14193.68,14336.33
2021-12-29,14165.82,14308.19
2021-12-28,14153.88,14296.13
2021-12-27,14147.91,14290.1
2021-12-24,14179.75,14322.26
2021-12-23,14192.68,14335.32
2021-12-22,14277.26,14420.75
2021-12-21,14312.08,14455.92
2021-12-20,14271.29,14414.72
2021-12-17,14271.29,14414.72
2021-12-16,14265.32,14408.69
2021-12-15,14276.26,14419.74
2021-12-14,14274.27,14417.73
2021-12-13,14306.11,14449.89
2021-12-10,14279.25,14422.76
2021-12-09,14276.26,14419.74
2021-12-08,14335.96,14480.04
2021-12-07,14368.8,14513.21
2021-12-06,14335.96,14480.04
2021-12-03,14306.11,14449.89
2021-12-02,14281.24,14424.77
2021-12-01,14248.4,14391.6
2021-11-30,14268.3,14411.7
2021-11-29,14208.6,14351.4
2021-11-26,14208.6,14351.4
2021-11-25,14200.64,14343.36
2021-11-24,14200.64,14343.36
2021-11-23,14183.73,14326.28
2021-11-22,14165.82,14308.19
2021-11-19,14159.85,14302.16
2021-11-18,14187.71,14330.3
2021-11-17,14139.95,14282.06
2021-11-16,14134.97,14277.03
2021-11-15,14171.79,14314.22
2021-11-12,14216.56,14359.44
2021-11-11,14181.74,14324.27
2021-11-10,14161.84,14304.17
2021-11-09,14196.66,14339.34
2021-11-08,14302.13,14445.87
2021-11-05,14255.37,14398.64
2021-11-04,14229.5,14372.51
2021-11-03,14189.7,14332.31
2021-11-02,14163.83,14306.18
2021-11-01,14100.15,14241.86
2021-10-29,14128.01,14270.0
2021-10-28,14113.08,14254.92
2021-10-27,14094.18,14235.83
2021-10-26,14112.09,14253.92
2021-10-25,14091.19,14232.81
2021-10-22,14062.34,14203.67
2021-10-21,14009.6,14150.4
2021-10-19,14025.52,14166.48
2021-10-18,14013.58,14154.42
2021-10-15,14084.23,14225.78
2021-10-14,14149.9,14292.11
2021-10-13,14145.92,14288.09
2021-10-12,14138.95,14281.05
2021-10-11,14153.88,14296.13
2021-10-08,14166.81,14309.19
2021-10-07,14173.78,14316.23
2021-10-06,14188.7,14331.3
2021-10-05,14204.62,14347.38
2021-10-04,14243.43,14386.58
2021-10-01,14249.4,14392.61
2021-09-30,14235.47,14378.54
2021-09-29,14197.66,14340.35
2021-09-28,14186.71,14329.29
2021-09-27,14178.75,14321.25
2021-09-24,14184.72,14327.28
2021-09-23,14177.76,14320.25
2021-09-22,14172.78,14315.22
2021-09-21,14179.75,14322.26
2021-09-20,14161.84,14304.17
2021-09-17,14166.81,14309.19
2021-09-16,14180.74,14323.26
2021-09-15,14185.72,14328.29
2021-09-14,14188.7,14331.3
2021-09-13,14153.88,14296.13
2021-09-10,14200.64,14343.36
2021-09-09,14194.67,14337.33
2021-09-08,14124.03,14265.98
2021-09-07,14167.81,14310.2
2021-09-06,14189.7,14332.31
2021-09-03,14209.6,14352.41
2021-09-02,14212.58,14355.42
2021-09-01,14234.47,14377.53
2021-08-31,14302.13,14445.87
2021-08-30,14358.85,14503.16
2021-08-27,14350.89,14495.12
2021-08-26,14335.96,14480.04
2021-08-25,14319.05,14462.96
2021-08-24,14342.93,14487.08
2021-08-23,14391.68,14536.32
2021-08-20,14341.93,14486.07
2021-08-19,14312.08,14455.92
2021-08-18,14311.09,14454.92
2021-08-16,14316.06,14459.94
2021-08-13,14317.06,14460.95
2021-08-12,14325.02,14468.99
2021-08-10,14306.11,14449.89
2021-08-09,14297.16,14440.85
2021-08-06,14270.29,14413.71
2021-08-05,14252.38,14395.62
2021-08-04,14290.19,14433.81
2021-08-03,14383.72,14528.28
2021-08-02,14389.69,14534.31
2021-07-30,14418.55,14563.46
2021-07-29,14425.51,14570.49
2021-07-28,14416.56,14561.45
2021-07-27,14421.53,14566.47
2021-07-26,14428.5,14573.51
2021-07-23,14435.46,14580.54
2021-07-22,14481.23,14626.77
2021-07-21,14451.38,14596.62
2021-07-19,14444.42,14589.59
2021-07-16,14430.49,14575.52
2021-07-15,14420.54,14565.47
2021-07-14,14413.57,14558.43
2021-07-13,14413.57,14558.43
2021-07-12,14475.26,14620.74
2021-07-09,14475.26,14620.74
2021-07-08,14427.5,14572.5
2021-07-07,14395.66,14540.34
2021-07-06,14409.59,14554.41
2021-07-05,14491.18,14636.82
2021-07-02,14466.31,14611.7
2021-07-01,14469.29,14614.71
2021-06-30,14423.52,14568.48
2021-06-29,14399.64,14544.36
2021-06-28,14374.77,14519.24
2021-06-25,14389.69,14534.31
2021-06-24,14381.73,14526.27
2021-06-23,14348.9,14493.11
2021-06-22,14380.74,14525.27
2021-06-21,14330.99,14475.02
2021-06-18,14306.11,14449.89
2021-06-17,14185.72,14328.29
2021-06-16,14172.78,14315.22
2021-06-15,14150.89,14293.11
2021-06-14,14134.97,14277.03
2021-06-11,14168.8,14311.2
2021-06-10,14190.69,14333.31
2021-06-09,14190.69,14333.31
2021-06-08,14199.65,14342.36
2021-06-07,14244.42,14387.58
2021-06-04,14225.52,14368.49
2021-06-03,14204.62,14347.38
2021-06-02,14220.54,14363.46
2021-06-01,14238.45,14381.55
2021-05-31,14238.45,14381.55
2021-05-28,14240.44,14383.56
2021-05-27,14263.33,14406.68
2021-05-26,14290.19,14433.81
2021-05-25,14290.19,14433.81
2021-05-24,14303.13,14446.88
2021-05-21,14324.02,14467.98
2021-05-20,14241.44,14384.57
2021-05-19,14228.5,14371.5
2021-05-18,14212.58,14355.42
2021-05-17,14131.99,14274.02
2021-05-14,14127.01,14268.99
2021-05-13,14127.01,14268.99
2021-05-12,14127.01,14268.99
2021-05-11,14127.01,14268.99
2021-05-10,14217.56,14360.45
2021-05-07,14292.18,14435.82
2021-05-06,14366.81,14511.2
2021-05-05,14358.85,14503.16
2021-05-04,14394.67,14539.34
2021-05-03,14380.74,14525.27
2021-04-30,14395.66,14540.34
2021-04-29,14437.45,14582.55
2021-04-28,14424.52,14569.49
2021-04-27,14416.56,14561.45
2021-04-26,14475.26,14620.74
2021-04-23,14457.35,14602.65
2021-04-22,14476.26,14621.75
2021-04-21,14435.46,14580.54
2021-04-20,14495.16,14640.84
2021-04-19,14519.04,14664.96
2021-04-16,14572.77,14719.23
2021-04-15,14559.84,14706.17
2021-04-14,14574.76,14721.24
2021-04-13,14557.85,14704.16
2021-04-12,14507.1,14652.9
2021-04-09,14507.1,14652.9
2021-04-08,14440.44,14585.57
2021-04-07,14446.41,14591.6
2021-04-06,14460.34,14605.67
2021-04-05,14511.08,14656.92
2021-04-02,14504.12,14649.89
2021-04-01,14504.12,14649.89
2021-03-31,14499.14,14644.86
2021-03-30,14408.6,14553.41
2021-03-29,14361.83,14506.17
2021-03-26,14373.77,14518.23
2021-03-25,14391.68,14536.32
2021-03-24,14382.73,14527.28
2021-03-23,14348.9,14493.11
2021-03-22,14383.72,14528.28
2021-03-19,14403.62,14548.38
2021-03-18,14339.94,14484.06
2021-03-17,14386.71,14531.3
2021-03-16,14351.88,14496.12
2021-03-15,14345.91,14490.09
2021-03-12,14299.15,14442.86
2021-03-11,14348.9,14493.11
2021-03-10,14348.9,14493.11
2021-03-09,14395.66,14540.34
2021-03-08,14318.05,14461.95
2021-03-05,14299.15,14442.86
2021-03-04,14227.51,14370.5
2021-03-03,14262.33,14405.67
2021-03-02,14235.47,14378.54
2021-03-01,14228.5,14371.5
2021-02-26,14157.86,14300.15
2021-02-25,14033.48,14174.52
2021-02-24,14018.56,14159.45
2021-02-23,14055.37,14196.63
2021-02-22,14027.51,14168.49
2021-02-19,14014.58,14155.43
2021-02-18,13988.71,14129.3
2021-02-17,13948.91,14089.1
2021-02-16,13805.63,13944.38
2021-02-15,13876.27,14015.73
2021-02-12,13940.95,14081.06
2021-02-11,13940.95,14081.06
2021-02-10,13919.06,14058.95
2021-02-09,13930.0,14070.0
2021-02-08,13930.0,14070.0
2021-02-05,13991.69,14132.31
2021-02-04,13965.82,14106.18
2021-02-03,13946.92,14087.09
2021-02-02,13973.78,14114.22
2021-02-01,13971.79,14112.21
2021-01-29,14013.58,14154.42
2021-01-28,14048.41,14189.6
2021-01-27,14020.55,14161.46
2021-01-26,14015.57,14156.43
2021-01-25,14011.59,14152.41
2021-01-22,13983.73,14124.27
2021-01-21,13968.81,14109.2
2021-01-20,13994.68,14135.33
2021-01-19,14015.57,14156.43
2021-01-18,14009.6,14150.4
2021-01-15,13997.66,14138.34
2021-01-14,14048.41,14189.6
2021-01-13,14038.46,14179.55
2021-01-12,14159.85,14302.16
2021-01-11,14084.23,14225.78
2021-01-08,13987.71,14128.29
2021-01-07,13868.31,14007.69
2021-01-06,13856.37,13995.63
2021-01-05,13875.28,14014.73
2021-01-04,13833.49,13972.52
2020-12-31,14034.48,14175.53
2020-12-30,14034.48,14175.53
2020-12-29,14098.16,14239.85
2020-12-28,14113.08,14254.92
2020-12-25,14210.59,14353.41
2020-12-24,14210.59,14353.41
2020-12-23,14210.59,14353.41
2020-12-22,14146.91,14289.09
2020-12-21,14109.1,14250.9
2020-12-18,14075.27,14216.73
2020-12-17,14081.24,14222.76
2020-12-16,14080.25,14221.76
2020-12-15,14100.15,14241.86
2020-12-14,14087.21,14228.79
2020-12-11,14031.49,14172.51
2020-12-10,14059.35,14200.65
2020-12-09,14093.18,14234.82
2020-12-08,14093.18,14234.82
2020-12-07,14064.33,14205.68
2020-12-04,14111.09,14252.91
2020-12-03,14106.12,14247.89
2020-12-02,14093.18,14234.82
2020-12-01,14107.11,14248.89
2020-11-30,14057.36,14198.64
2020-11-27,14074.28,14215.73
2020-11-26,14059.35,14200.65
2020-11-25,14098.16,14239.85
2020-11-24,14125.02,14266.98
2020-11-23,14093.18,14234.82
2020-11-20,14156.86,14299.14
2020-11-19,14096.17,14237.84
2020-11-18,14047.41,14188.59
2020-11-17,14002.64,14143.37
2020-11-16,14068.31,14209.7
2020-11-13,14150.89,14293.11
2020-11-12,14116.07,14257.94
2020-11-11,14005.62,14146.38
2020-11-10,13944.93,14085.08
2020-11-09,14101.14,14242.86
2020-11-06,14249.4,14392.61
2020-11-05,14366.81,14511.2
2020-11-04,14484.22,14629.79
2020-11-03,14535.96,14682.05
2020-11-02,14644.41,14791.59
2020-10-30,14616.55,14763.45
2020-10-29,14616.55,14763.45
2020-10-28,14616.55,14763.45
2020-10-27,14616.55,14763.45
2020-10-26,14623.52,14770.49
2020-10-23,14664.31,14811.69
2020-10-22,14623.52,14770.49
2020-10-21,14584.71,14731.29
2020-10-20,14655.36,14802.65
2020-10-19,14667.3,14814.71
2020-10-16,14692.17,14839.83
2020-10-15,14686.2,14833.8
2020-10-14,14706.1,14853.9
2020-10-13,14719.04,14866.97
2020-10-12,14672.27,14819.73
2020-10-09,14663.32,14810.69
2020-10-08,14676.25,14823.75
2020-10-07,14710.08,14857.92
2020-10-06,14638.44,14785.56
2020-10-05,14792.67,14941.34
2020-10-02,14815.55,14964.45
2020-10-01,14801.62,14950.38
2020-09-30,14843.41,14992.59
2020-09-29,14845.4,14994.6
2020-09-28,14884.21,15033.8
2020-09-25,14876.25,15025.76
2020-09-24,14874.26,15023.75
2020-09-23,14760.83,14909.18
2020-09-22,14708.09,14855.91
2020-09-21,14649.39,14796.62
2020-09-18,14694.16,14841.84
2020-09-17,14803.61,14952.39
2020-09-16,14769.78,14918.22
2020-09-15,14795.65,14944.35
2020-09-14,14899.13,15048.87
2020-09-11,14904.11,15053.9
2020-09-10,14796.65,14945.36
2020-09-09,14778.74,14927.27
2020-09-08,14724.01,14871.99
2020-09-07,14680.23,14827.77
2020-09-04,14718.04,14865.96
2020-09-03,14743.91,14892.09
2020-09-02,14729.98,14878.02
2020-09-01,14541.93,14688.08
2020-08-31,14481.23,14626.77
2020-08-28,14628.49,14775.51
2020-08-27,14640.43,14787.57
2020-08-26,14562.82,14709.18
2020-08-25,14558.84,14705.16
2020-08-24,14720.03,14867.97
2020-08-19,14712.07,14859.93
2020-08-18,14832.47,14981.54
2020-08-14,14842.42,14991.59
2020-08-13,14802.62,14951.39
2020-08-12,14703.12,14850.89
2020-08-11,14654.36,14801.64
2020-08-10,14676.25,14823.75
2020-08-07,14573.77,14720.24
2020-08-06,14514.07,14659.94
2020-08-05,14549.89,14696.12
2020-08-04,14623.52,14770.49
2020-08-03,14639.44,14786.57
2020-07-30,14579.74,14726.27
2020-07-29,14497.15,14642.85
2020-07-28,14470.29,14615.72
2020-07-27,14531.98,14678.03
2020-07-24,14540.93,14687.07
2020-07-23,14595.66,14742.35
2020-07-22,14581.73,14728.28
2020-07-21,14738.94,14887.07
2020-07-20,14757.84,14906.16
2020-07-17,14706.1,14853.9
2020-07-16,14558.84,14705.16
2020-07-15,14542.92,14689.08
2020-07-14,14439.44,14584.56
2020-07-13,14413.57,14558.43
2020-07-10,14428.5,14573.51
2020-07-09,14373.77,14518.23
2020-07-08,14387.7,14532.3
2020-07-07,14383.72,14528.28
2020-07-06,14474.27,14619.74
2020-07-03,14493.17,14638.83
2020-07-02,14443.42,14588.58
2020-07-01,14269.3,14412.71
2020-06-30,14230.49,14373.51
2020-06-29,14297.16,14440.85
2020-06-26,14167.81,14310.2
2020-06-25,14159.85,14302.16
2020-06-24,14089.2,14230.8
2020-06-23,14193.68,14336.33
2020-06-22,14137.96,14280.05
2020-06-19,14170.79,14313.21
2020-06-18,14115.07,14256.93
2020-06-17,14162.83,14305.17
2020-06-16,14084.23,14225.78
2020-06-15,14156.86,14299.14
2020-06-12,14185.72,14328.29
2020-06-11,13943.93,14084.07
2020-06-10,14012.59,14153.42
2020-06-09,13903.14,14042.87
2020-06-08,13886.22,14025.78
2020-06-05,14029.5,14170.5
2020-06-04,14094.18,14235.83
2020-06-03,14173.78,14316.23
2020-06-02,14429.49,14574.51
2020-05-29,14659.34,14806.67
2020-05-28,14695.16,14842.85
2020-05-27,14687.2,14834.81
2020-05-26,14700.13,14847.87
2020-05-20,14711.08,14858.93
2020-05-19,14748.89,14897.12
2020-05-18,14810.58,14959.43
2020-05-15,14834.46,14983.55
2020-05-14,14871.27,15020.73
2020-05-13,14812.57,14961.44
2020-05-12,14903.11,15052.89
2020-05-11,14861.32,15010.68
2020-05-08,14933.96,15084.05
2020-05-06,15051.37,15202.64
2020-05-05,15028.48,15179.52
2020-05-04,14997.64,15148.37
2020-04-30,15081.22,15232.79
2020-04-29,15337.93,15492.08
2020-04-28,15410.56,15565.44
2020-04-27,15513.05,15668.96
2020-04-24,15475.24,15630.77
2020-04-23,15551.85,15708.15
2020-04-22,15489.17,15644.84
2020-04-21,15564.79,15721.22
2020-04-20,15465.29,15620.72
2020-04-17,15425.49,15580.52
2020-04-16,15708.07,15865.94
2020-04-15,15628.47,15785.54
2020-04-14,15643.39,15800.61
2020-04-13,15760.8,15919.2
2020-04-09,16159.8,16322.21
2020-04-08,16163.78,16326.23
2020-04-07,16327.95,16492.05
2020-04-06,16473.22,16638.78
2020-04-03,16381.68,16546.32
2020-04-02,16657.3,16824.71
2020-04-01,16330.94,16495.07
2020-03-31,16285.17,16448.84
2020-03-30,16254.32,16417.68
2020-03-27,16148.85,16311.15
2020-03-26,16246.36,16409.64
2020-03-24,16403.57,16568.43
2020-03-23,16524.96,16691.04
2020-03-20,16191.64,16354.37
2020-03-19,15633.44,15790.56
2020-03-18,15146.89,15299.12
2020-03-17,15007.59,15158.42
2020-03-16,14743.91,14892.09
2020-03-13,14740.93,14889.08
2020-03-12,14417.55,14562.45
2020-03-11,14251.39,14394.62
2020-03-10,14338.95,14483.06
2020-03-09,14270.29,14413.71
2020-03-06,14195.67,14338.34
2020-03-05,14097.16,14238.84
2020-03-04,14100.15,14241.86
2020-03-03,14150.89,14293.11
2020-03-02,14340.94,14485.07
2020-02-28,14162.83,14305.17
2020-02-27,13947.91,14088.09
2020-02-26,13896.17,14035.83
2020-02-25,13823.54,13962.47
2020-02-24,13793.69,13932.32
2020-02-21,13708.12,13845.89
2020-02-20,13666.33,13803.68
2020-02-19,13648.42,13785.59
2020-02-18,13607.62,13744.38
2020-02-17,13624.54,13761.47
2020-02-14,13638.47,13775.54
2020-02-13,13610.61,13747.4
2020-02-12,13590.71,13727.3
2020-02-11,13617.57,13754.43
2020-02-10,13639.46,13776.54
2020-02-07,13578.77,13715.24
2020-02-06,13593.69,13730.31
2020-02-05,13648.42,13785.59
2020-02-04,13691.2,13828.8
2020-02-03,13657.37,13794.63
2020-01-31,13593.69,13730.31
2020-01-30,13583.74,13720.26
2020-01-29,13565.83,13702.17
2020-01-28,13578.77,13715.24
2020-01-27,13543.94,13680.06
2020-01-24,13563.84,13700.16
2020-01-23,13557.87,13694.13
2020-01-22,13609.61,13746.39
2020-01-21,13589.71,13726.29
2020-01-20,13585.73,13722.27
2020-01-17,13579.76,13716.24
2020-01-16,13589.71,13726.29
2020-01-15,13637.47,13774.53
2020-01-14,13585.73,13722.27
2020-01-13,13639.46,13776.54
2020-01-10,13742.94,13881.06
2020-01-09,13790.7,13929.3
2020-01-08,13864.33,14003.67
2020-01-07,13849.41,13988.6
2020-01-06,13891.2,14030.81
2020-01-03,13829.51,13968.5
2020-01-02,13825.53,13964.48
2019-12-31,13831.5,13970.51
2019-12-30,13875.28,14014.73
2019-12-27,13886.22,14025.78
2019-12-26,13912.09,14051.91
2019-12-23,13908.11,14047.89
2019-12-20,13923.04,14062.97
2019-12-19,13913.09,14052.92
2019-12-18,13936.97,14077.04
2019-12-17,13947.91,14088.09
2019-12-16,13933.98,14074.02
2019-12-13,13912.09,14051.91
2019-12-12,13971.79,14112.21
2019-12-11,13954.88,14095.13
2019-12-10,13933.98,14074.02
2019-12-09,13950.9,14091.11
2019-12-06,13966.82,14107.19
2019-12-05,14023.53,14164.47
2019-12-04,14054.38,14195.63
2019-12-03,14059.35,14200.65
2019-12-02,14051.39,14192.61
2019-11-29,14031.49,14172.51
2019-11-28,14028.51,14169.5
2019-11-27,14025.52,14166.48
2019-11-26,14010.6,14151.41
2019-11-25,14020.55,14161.46
2019-11-22,14029.5,14170.5
2019-11-21,14041.44,14182.56
2019-11-20,14026.52,14167.49
2019-11-19,14020.55,14161.46
2019-11-18,14004.63,14145.38
2019-11-15,13998.66,14139.35
2019-11-14,14027.51,14168.49
2019-11-13,14011.59,14152.41
2019-11-12,13988.71,14129.3
2019-11-11,13969.8,14110.2
2019-11-08,13949.9,14090.1
2019-11-07,13969.8,14110.2
2019-11-06,13922.04,14061.96
2019-11-05,13960.85,14101.16
2019-11-04,13931.99,14072.01
2019-11-01,13995.67,14136.33
2019-10-31,13937.96,14078.04
2019-10-30,13973.78,14114.22
2019-10-29,13957.86,14098.14
2019-10-28,13952.89,14093.11
2019-10-25,13993.68,14134.32
2019-10-24,13926.02,14065.98
2019-10-23,13980.75,14121.25
2019-10-22,13987.71,14128.29
2019-10-21,14061.34,14202.66
2019-10-18,14069.3,14210.7
2019-10-17,14101.14,14242.86
2019-10-16,14116.07,14257.93
2019-10-15,14069.3,14210.7
2019-10-14,14055.37,14196.63
2019-10-11,14068.0,14210.0
2019-10-10,14086.0,14228.0
2019-10-09,14111.0,14253.0
2019-10-08,14099.0,14241.0
2019-10-07,14085.0,14227.0
2019-10-04,14064.0,14206.0
2019-10-03,14122.0,14264.0
2019-10-02,14136.0,14278.0
2019-10-01,14125.0,14267.0
2019-09-30,14103.0,14245.0
2019-09-27,14126.0,14268.0
2019-09-26,14091.0,14233.0
2019-09-25,14063.0,14205.0
2019-09-24,14029.0,14169.0
2019-09-23,14007.0,14147.0
2019-09-20,14015.0,14155.0
2019-09-19,14029.0,14169.0
2019-09-18,14010.0,14150.0
2019-09-17,14029.0,14171.0
2019-09-16,13950.0,14090.0
2019-09-13,13880.0,14020.0
2019-09-12,13982.0,14122.0
2019-09-11,13993.0,14133.0
2019-09-10,13961.0,14101.0
2019-09-09,14022.0,14162.0
2019-09-06,14069.0,14211.0
2019-09-05,14082.0,14224.0
2019-09-04,14147.0,14289.0
2019-09-03,14146.0,14288.0
2019-09-02,14119.0,14261.0
2019-08-30,14166.0,14308.0
2019-08-29,14183.0,14325.0
2019-08-28,14192.0,14334.0
2019-08-27,14164.0,14306.0
2019-08-26,14190.0,14332.0
2019-08-23,14178.0,14320.0
2019-08-22,14163.0,14305.0
2019-08-21,14188.0,14330.0
2019-08-20,14191.0,14333.0
2019-08-19,14132.0,14274.0
2019-08-16,14187.0,14329.0
2019-08-15,14225.0,14367.0
2019-08-14,14163.0,14305.0
2019-08-13,14212.0,14354.0
2019-08-12,14149.0,14291.0
2019-08-09,14124.0,14266.0
2019-08-08,14160.0,14302.0
2019-08-07,14204.0,14346.0
2019-08-06,14272.0,14416.0
2019-08-05,14160.0,14302.0
2019-08-02,14132.0,14274.0
2019-08-01,14028.0,14168.0
2019-07-31,13956.0,14096.0
2019-07-30,13964.0,14104.0
2019-07-29,13940.0,14080.0
2019-07-26,13931.0,14071.0
2019-07-25,13916.0,14056.0
2019-07-24,13941.0,14081.0
2019-07-23,13903.0,14043.0
2019-07-22,13893.0,14033.0
2019-07-19,13843.0,13983.0
2019-07-18,13906.0,14046.0
2019-07-17,13879.0,14019.0
2019-07-16,13855.0,13995.0
2019-07-15,13900.0,14040.0
2019-07-12,14015.0,14155.0
2019-07-11,14019.0,14159.0
2019-07-10,14081.0,14223.0
2019-07-09,14058.0,14200.0
2019-07-08,14076.0,14218.0
2019-07-05,14077.0,14219.0
2019-07-04,14035.0,14177.0
2019-07-03,14089.0,14231.0
2019-07-02,14069.0,14211.0
2019-07-01,14046.0,14188.0
2019-06-28,14070.0,14212.0
2019-06-27,14109.0,14251.0
2019-06-26,14103.0,14245.0
2019-06-25,14067.0,14209.0
2019-06-24,14094.0,14236.0
2019-06-21,14045.0,14187.0
2019-06-20,14165.0,14307.0
2019-06-19,14200.0,14342.0
2019-06-18,14262.0,14406.0
2019-06-17,14274.0,14418.0
2019-06-14,14232.0,14376.0
2019-06-13,14199.0,14341.0
2019-06-12,14163.0,14305.0
2019-06-11,14187.0,14329.0
2019-06-10,14160.0,14302.0
2019-05-31,14313.0,14457.0
2019-05-29,14345.0,14489.0
2019-05-28,14308.0,14452.0
2019-05-27,14288.0,14432.0
2019-05-24,14379.0,14523.0
2019-05-23,14440.0,14586.0
2019-05-22,14416.0,14560.0
2019-05-21,14390.0,14534.0
2019-05-20,14406.0,14550.0
2019-05-17,14397.0,14541.0
2019-05-16,14386.0,14530.0
2019-05-15,14376.0,14520.0
2019-05-14,14372.0,14516.0
2019-05-13,14290.0,14434.0
2019-05-10,14275.0,14419.0
2019-05-09,14266.0,14410.0
2019-05-08,14233.0,14377.0
2019-05-07,14237.0,14381.0
2019-05-06,14236.0,14380.0
2019-05-03,14211.0,14353.0
2019-05-02,14174.0,14316.0
2019-04-30,14144.0,14286.0
2019-04-29,14117.0,14259.0
2019-04-26,14117.0,14259.0
2019-04-25,14083.0,14225.0
2019-04-24,14041.0,14183.0
2019-04-23,14010.0,14150.0
2019-04-22,13986.0,14126.0
2019-04-18,13946.0,14086.0
2019-04-16,13996.0,14136.0
2019-04-15,13997.0,14137.0
2019-04-12,14082.0,14224.0
2019-04-11,14085.0,14227.0
2019-04-10,14084.0,14226.0
2019-04-09,14079.0,14221.0
2019-04-08,14074.0,14216.0
2019-04-05,14087.0,14229.0
2019-04-04,14111.0,14253.0
2019-04-02,14166.0,14308.0
2019-04-01,14160.0,14302.0
2019-03-29,14173.0,14315.0
2019-03-28,14184.0,14326.0
2019-03-27,14131.0,14273.0
2019-03-26,14100.0,14242.0
2019-03-25,14152.0,14294.0
2019-03-22,14086.0,14228.0
2019-03-21,14031.0,14173.0
2019-03-20,14160.0,14302.0
2019-03-19,14157.0,14299.0
2019-03-18,14171.0,14313.0
2019-03-15,14238.0,14382.0
2019-03-14,14182.0,14324.0
2019-03-13,14198.0,14340.0
2019-03-12,14180.0,14322.0
2019-03-11,14252.0,14396.0
2019-03-08,14152.0,14294.0
2019-03-06,14058.0,14200.0
2019-03-05,14075.0,14217.0
2019-03-04,14078.0,14220.0
2019-03-01,14040.0,14182.0
2019-02-28,13992.0,14132.0
2019-02-27,13934.0,14074.0
2019-02-26,13920.0,14060.0
2019-02-25,13937.0,14077.0
2019-02-22,14009.0,14149.0
2019-02-21,13987.0,14127.0
2019-02-20,13985.0,14125.0
2019-02-19,14048.0,14190.0
2019-02-18,14035.0,14177.0
2019-02-15,14045.0,14187.0
2019-02-14,14023.0,14163.0
2019-02-13,13957.0,14097.0
2019-02-12,14018.0,14158.0
2019-02-11,13925.0,14065.0
2019-02-08,13922.0,14062.0
2019-02-07,13908.0,14048.0
2019-02-06,13877.0,14017.0
2019-02-04,13906.0,14046.0
2019-02-01,13908.0,14048.0
2019-01-31,14002.0,14142.0
2019-01-30,14041.0,14183.0
2019-01-29,14028.0,14168.0
2019-01-28,13968.0,14108.0
2019-01-25,14092.0,14234.0
2019-01-24,14070.0,14212.0
2019-01-23,14117.0,14259.0
2019-01-22,14150.0,14292.0
2019-01-21,14141.0,14283.0
2019-01-18,14111.0,14253.0
2019-01-17,14087.0,14229.0
2019-01-16,14083.0,14225.0
2019-01-15,14014.0,14154.0
2019-01-14,13982.0,14122.0
2019-01-11,14006.0,14146.0
2019-01-10,14023.0,14163.0
2019-01-09,14049.0,14191.0
2019-01-08,13961.0,14101.0
2019-01-07,14034.0,14176.0
2019-01-04,14278.0,14422.0
2019-01-03,14402.0,14546.0
2019-01-02,14393.0,14537.0
2018-12-31,14409.0,14553.0
2018-12-28,14469.0,14615.0
2018-12-27,14490.0,14636.0
2018-12-26,14529.0,14675.0
2018-12-21,14408.0,14552.0
2018-12-20,14427.0,14571.0
2018-12-19,14308.0,14452.0
2018-12-18,14450.0,14596.0
2018-12-17,14544.0,14690.0
2018-12-14,14465.0,14611.0
2018-12-13,14463.0,14609.0
2018-12-12,14504.0,14650.0
2018-12-11,14540.0,14686.0
2018-12-10,14444.0,14590.0
2018-12-07,14466.0,14612.0
2018-12-06,14434.0,14580.0
2018-12-05,14311.0,14455.0
2018-12-04,14222.0,14364.0
2018-12-03,14181.0,14323.0
2018-11-30,14267.0,14411.0
2018-11-29,14336.0,14480.0
2018-11-28,14462.0,14608.0
2018-11-27,14431.0,14577.0
2018-11-26,14478.0,14624.0
2018-11-23,14479.0,14625.0
2018-11-22,14519.0,14665.0
2018-11-21,14545.0,14691.0
2018-11-19,14513.0,14659.0
2018-11-16,14521.0,14667.0
2018-11-15,14690.0,14838.0
2018-11-14,14681.0,14829.0
2018-11-13,14821.0,14969.0
2018-11-12,14673.0,14821.0
2018-11-09,14559.0,14705.0
2018-11-08,14578.0,14724.0
2018-11-07,14690.0,14838.0
2018-11-06,14817.0,14965.0
2018-11-05,14897.0,15047.0
2018-11-02,15014.0,15164.0
2018-11-01,15119.0,15271.0
2018-10-31,15151.0,15303.0
2018-10-30,15161.0,15313.0
2018-10-29,15142.0,15294.0
2018-10-26,15131.0,15283.0
2018-10-25,15134.0,15286.0
2018-10-24,15117.0,15269.0
2018-10-23,15132.0,15284.0
2018-10-22,15116.0,15268.0
2018-10-19,15145.0,15297.0
2018-10-18,15111.0,15263.0
2018-10-17,15102.0,15254.0
2018-10-16,15130.0,15282.0
2018-10-15,15170.0,15322.0
2018-10-12,15118.0,15270.0
2018-10-11,15177.0,15329.0
2018-10-10,15139.0,15291.0
2018-10-09,15157.0,15309.0
2018-10-08,15117.0,15269.0
2018-10-05,15106.0,15258.0
2018-10-04,15057.0,15209.0
2018-10-03,15013.0,15163.0
2018-10-02,14913.0,15063.0
2018-10-01,14830.0,14980.0
2018-09-28,14854.0,15004.0
2018-09-27,14844.0,14994.0
2018-09-26,14863.0,15013.0
2018-09-25,14819.0,14967.0
2018-09-24,14791.0,14939.0
2018-09-21,14750.0,14898.0
2018-09-20,14765.0,14913.0
2018-09-19,14822.0,14970.0
2018-09-18,14833.0,14983.0
2018-09-17,14785.0,14933.0
2018-09-14,14761.0,14909.0
2018-09-13,14720.0,14868.0
2018-09-12,14789.0,14937.0
2018-09-10,14761.0,14909.0
2018-09-07,14810.0,14958.0
2018-09-06,14817.0,14965.0
2018-09-05,14852.0,15002.0
2018-09-04,14766.0,14914.0
2018-09-03,14693.0,14841.0
2018-08-31,14637.0,14785.0
2018-08-30,14582.0,14728.0
2018-08-29,14570.0,14716.0
2018-08-28,14541.0,14687.0
2018-08-27,14537.0,14683.0
2018-08-24,14582.0,14728.0
2018-08-23,14547.0,14693.0
2018-08-21,14495.0,14641.0
2018-08-20,14505.0,14651.0
2018-08-16,14546.0,14692.0
2018-08-15,14548.0,14694.0
2018-08-14,14552.0,14698.0
2018-08-13,14510.0,14656.0
2018-08-10,14365.0,14509.0
2018-08-09,14350.0,14494.0
2018-08-08,14367.0,14511.0
2018-08-07,14413.0,14557.0
2018-08-06,14409.0,14553.0
2018-08-03,14430.0,14576.0
2018-08-02,14374.0,14518.0
2018-08-01,14370.0,14514.0
2018-07-31,14341.0,14485.0
2018-07-30,14337.0,14481.0
2018-07-27,14411.0,14555.0
2018-07-26,14371.0,14515.0
2018-07-25,14442.0,14588.0
2018-07-24,14468.0,14614.0
2018-07-23,14382.0,14526.0
2018-07-20,14447.0,14593.0
2018-07-19,14346.0,14490.0
2018-07-18,14334.0,14478.0
2018-07-17,14319.0,14463.0
2018-07-16,14324.0,14468.0
2018-07-13,14286.0,14430.0
2018-07-12,14363.0,14507.0
2018-07-11,14319.0,14463.0
2018-07-10,14254.0,14398.0
2018-07-09,14260.0,14404.0
2018-07-06,14337.0,14481.0
2018-07-05,14315.0,14459.0
2018-07-04,14271.0,14415.0
2018-07-03,14346.0,14490.0
2018-07-02,14259.0,14403.0
2018-06-29,14332.0,14476.0
2018-06-28,14200.0,14342.0
2018-06-27,14092.0,14234.0
2018-06-26,14092.0,14234.0
2018-06-25,14034.0,14176.0
2018-06-22,14031.0,14173.0
2018-06-21,14020.0,14160.0
2018-06-20,13832.0,13972.0
2018-06-19,13832.0,13972.0
2018-06-08,13832.0,13972.0
2018-06-07,13799.0,13937.0
2018-06-06,13806.0,13944.0
2018-06-05,13818.0,13956.0
2018-06-04,13803.0,13941.0
2018-05-31,13881.0,14021.0
2018-05-30,13962.0,14102.0
2018-05-28,13995.0,14135.0
2018-05-25,14095.0,14237.0
2018-05-24,14134.0,14276.0
2018-05-23,14121.0,14263.0
2018-05-22,14107.0,14249.0
2018-05-21,14105.0,14247.0
2018-05-18,14036.0,14178.0
2018-05-17,14004.0,14144.0
2018-05-16,14024.0,14164.0
2018-05-15,13950.0,14090.0
2018-05-14,13906.0,14046.0
2018-05-11,13978.0,14118.0
2018-05-09,14004.0,14144.0
2018-05-08,13966.0,14106.0
2018-05-07,13886.0,14026.0
2018-05-04,13873.0,14013.0
2018-05-03,13895.0,14035.0
2018-05-02,13866.0,14006.0
2018-04-30,13808.0,13946.0
2018-04-27,13810.0,13948.0
2018-04-26,13860.0,14000.0
2018-04-25,13819.0,13957.0
2018-04-24,13830.0,13970.0
2018-04-23,13825.0,13963.0
2018-04-20,13735.0,13873.0
2018-04-19,13709.0,13847.0
2018-04-18,13701.0,13839.0
2018-04-17,13701.0,13839.0
2018-04-16,13697.0,13835.0
2018-04-13,13684.0,13822.0
2018-04-12,13694.0,13832.0
2018-04-11,13678.0,13816.0
2018-04-10,13690.0,13828.0
2018-04-09,13702.0,13840.0
2018-04-06,13702.0,13840.0
2018-04-05,13698.0,13836.0
2018-04-04,13691.0,13829.0
2018-04-03,13696.0,13834.0
2018-04-02,13681.0,13819.0
2018-03-29,13687.0,13825.0
2018-03-28,13676.0,13814.0
2018-03-27,13639.0,13777.0
2018-03-26,13707.0,13845.0
2018-03-23,13711.0,13849.0
2018-03-22,13668.0,13806.0
2018-03-21,13690.0,13828.0
2018-03-20,13692.0,13830.0
2018-03-19,13696.0,13834.0
2018-03-16,13696.0,13834.0
2018-03-15,13679.0,13817.0
2018-03-14,13670.0,13808.0
2018-03-13,13688.0,13826.0
2018-03-12,13699.0,13837.0
2018-03-09,13725.0,13863.0
2018-03-08,13705.0,13843.0
2018-03-07,13694.0,13832.0
2018-03-06,13681.0,13819.0
2018-03-05,13671.0,13809.0
2018-03-02,13677.0,13815.0
2018-03-01,13724.0,13862.0
2018-02-28,13638.0,13776.0
2018-02-27,13582.0,13718.0
2018-02-26,13591.0,13727.0
2018-02-23,13602.0,13738.0
2018-02-22,13597.0,13733.0
2018-02-21,13514.0,13650.0
2018-02-20,13505.0,13641.0
2018-02-19,13473.0,13609.0
2018-02-15,13502.0,13638.0
2018-02-14,13589.0,13725.0
2018-02-13,13576.0,13712.0
2018-02-12,13541.0,13677.0
2018-02-09,13575.0,13711.0
2018-02-08,13534.0,13670.0
2018-02-07,13465.0,13601.0
2018-02-06,13510.0,13646.0
2018-02-05,13431.0,13565.0
2018-02-02,13361.0,13495.0
2018-02-01,13335.0,13469.0
2018-01-31,13346.0,13480.0
2018-01-30,13331.0,13465.0
2018-01-29,13260.0,13394.0
2018-01-26,13236.0,13370.0
2018-01-25,13224.0,13356.0
2018-01-24,13254.0,13388.0
2018-01-23,13251.0,13385.0
2018-01-22,13267.0,13401.0
2018-01-19,13264.0,13398.0
2018-01-18,13298.0,13432.0
2018-01-17,13256.0,13390.0
2018-01-16,13266.0,13400.0
2018-01-15,13263.0,13397.0
2018-01-12,13295.0,13429.0
2018-01-11,13360.0,13494.0
2018-01-10,13382.0,13516.0
2018-01-09,13361.0,13495.0
2018-01-08,13330.0,13464.0
2018-01-05,13338.0,13472.0
2018-01-04,13407.0,13541.0
2018-01-03,13431.0,13565.0
2018-01-02,13474.0,13610.0
2017-12-30,13480.0,13616.0
2017-12-29,13480.0,13616.0
2017-12-28,13492.0,13628.0
2017-12-27,13494.0,13630.0
2017-12-22,13490.0,13626.0
2017-12-21,13477.0,13613.0
2017-12-20,13511.0,13647.0
2017-12-19,13519.0,13655.0
2017-12-18,13516.0,13652.0
2017-12-15,13505.0,13641.0
2017-12-14,13497.0,13633.0
2017-12-13,13521.0,13657.0
2017-12-12,13482.0,13618.0
2017-12-11,13478.0,13614.0
2017-12-08,13488.0,13624.0
2017-12-07,13484.0,13620.0
2017-12-06,13456.0,13592.0
2017-12-05,13447.0,13583.0
2017-12-04,13459.0,13595.0
2017-11-30,13446.0,13582.0
2017-11-29,13447.0,13583.0
2017-11-28,13459.0,13595.0
2017-11-27,13443.0,13579.0
2017-11-24,13438.0,13574.0
2017-11-23,13435.0,13571.0
2017-11-22,13455.0,13591.0
2017-11-21,13476.0,13612.0
2017-11-20,13461.0,13597.0
2017-11-17,13449.0,13585.0
2017-11-16,13470.0,13606.0
2017-11-15,13471.0,13607.0
2017-11-14,13474.0,13610.0
2017-11-13,13487.0,13623.0
2017-11-10,13446.0,13582.0
2017-11-09,13446.0,13582.0
2017-11-08,13456.0,13592.0
2017-11-07,13436.0,13572.0
2017-11-06,13461.0,13597.0
2017-11-03,13432.0,13568.0
2017-11-02,13494.0,13630.0
2017-11-01,13524.0,13660.0
2017-10-31,13504.0,13640.0
2017-10-30,13512.0,13648.0
2017-10-27,13562.0,13698.0
2017-10-26,13492.0,13628.0
2017-10-25,13502.0,13638.0
2017-10-24,13461.0,13597.0
2017-10-23,13467.0,13603.0
2017-10-20,13449.0,13585.0
2017-10-19,13453.0,13589.0
2017-10-18,13446.0,13582.0
2017-10-17,13423.0,13557.0
2017-10-16,13416.0,13550.0
2017-10-13,13440.0,13576.0
2017-10-12,13453.0,13589.0
2017-10-11,13441.0,13577.0
2017-10-10,13424.0,13558.0
2017-10-09,13436.0,13572.0
2017-10-06,13418.0,13552.0
2017-10-05,13416.0,13550.0
2017-10-04,13422.0,13556.0
2017-10-03,13514.0,13650.0
2017-10-02,13432.0,13566.0
2017-09-29,13425.0,13559.0
2017-09-28,13397.0,13531.0
2017-09-27,13317.0,13451.0
2017-09-26,13281.0,13415.0
2017-09-25,13238.0,13372.0
2017-09-22,13258.0,13392.0
2017-09-20,13204.0,13336.0
2017-09-19,13192.0,13324.0
2017-09-18,13172.0,13304.0
2017-09-15,13195.0,13327.0
2017-09-14,13173.0,13305.0
2017-09-13,13143.0,13275.0
2017-09-12,13120.0,13252.0
2017-09-11,13088.0,13220.0
2017-09-08,13218.0,13350.0
2017-09-07,13264.0,13398.0
2017-09-06,13270.0,13404.0
2017-09-05,13269.0,13403.0
2017-09-04,13278.0,13412.0
2017-08-31,13284.0,13418.0
2017-08-30,13276.0,13410.0
2017-08-29,13281.0,13415.0
2017-08-28,13271.0,13405.0
2017-08-25,13281.0,13415.0
2017-08-24,13287.0,13421.0
2017-08-23,13275.0,13409.0
2017-08-22,13271.0,13405.0
2017-08-21,13288.0,13422.0
2017-08-18,13301.0,13435.0
2017-08-16,13307.0,13441.0
2017-08-15,13277.0,13411.0
2017-08-14,13277.0,13411.0
2017-08-11,13303.0,13437.0
2017-08-10,13271.0,13405.0
2017-08-09,13257.0,13391.0
2017-08-08,13252.0,13386.0
2017-08-07,13252.0,13386.0
2017-08-04,13257.0,13391.0
2017-08-03,13263.0,13397.0
2017-08-02,13264.0,13398.0
2017-08-01,13251.0,13385.0
2017-07-31,13256.0,13390.0
2017-07-28,13259.0,13393.0
2017-07-27,13248.0,13382.0
2017-07-26,13267.0,13401.0
2017-07-25,13253.0,13387.0
2017-07-24,13252.0,13386.0
2017-07-21,13256.0,13390.0
2017-07-20,13253.0,13387.0
2017-07-19,13237.0,13371.0
2017-07-18,13247.0,13381.0
2017-07-17,13246.0,13380.0
2017-07-14,13280.0,13414.0
2017-07-13,13275.0,13409.0
2017-07-12,13301.0,13435.0
2017-07-11,13320.0,13454.0
2017-07-10,13341.0,13475.0
2017-07-07,13330.0,13464.0
2017-07-06,13297.0,13431.0
2017-07-05,13282.0,13416.0
2017-07-04,13319.0,13453.0
2017-07-03,13258.0,13392.0
2017-06-30,13252.0,13386.0
2017-06-22,13252.0,13386.0
2017-06-21,13234.0,13368.0
2017-06-20,13231.0,13363.0
2017-06-19,13220.0,13352.0
2017-06-16,13232.0,13364.0
2017-06-15,13216.0,13348.0
2017-06-14,13220.0,13352.0
2017-06-13,13228.0,13360.0
2017-06-12,13226.0,13358.0
2017-06-09,13226.0,13358.0
2017-06-08,13249.0,13383.0
2017-06-07,13240.0,13374.0
2017-06-06,13219.0,13351.0
2017-06-05,13221.0,13353.0
2017-06-02,13244.0,13378.0
2017-05-31,13254.0,13388.0
2017-05-30,13269.0,13403.0
2017-05-29,13245.0,13379.0
2017-05-26,13229.0,13361.0
2017-05-24,13249.0,13383.0
2017-05-23,13230.0,13362.0
2017-05-22,13231.0,13363.0
2017-05-19,13343.0,13477.0
2017-05-18,13276.0,13410.0
2017-05-17,13239.0,13373.0
2017-05-16,13232.0,13364.0
2017-05-15,13252.0,13386.0
2017-05-12,13273.0,13407.0
2017-05-10,13288.0,13422.0
2017-05-09,13250.0,13384.0
2017-05-08,13257.0,13391.0
2017-05-05,13272.0,13406.0
2017-05-04,13263.0,13397.0
2017-05-03,13231.0,13363.0
2017-05-02,13249.0,13383.0
2017-04-28,13260.0,13394.0
2017-04-27,13233.0,13365.0
2017-04-26,13212.0,13344.0
2017-04-25,13230.0,13362.0
2017-04-21,13253.0,13387.0
2017-04-20,13261.0,13395.0
2017-04-19,13233.0,13365.0
2017-04-18,13233.0,13365.0
2017-04-17,13189.0,13321.0
2017-04-13,13198.0,13330.0
2017-04-12,13232.0,13364.0
2017-04-11,13216.0,13348.0
2017-04-10,13256.0,13390.0
2017-04-07,13274.0,13408.0
2017-04-06,13260.0,13394.0
2017-04-05,13262.0,13396.0
2017-04-04,13259.0,13393.0
2017-04-03,13257.0,13391.0
2017-03-31,13254.0,13388.0
2017-03-30,13249.0,13383.0
2017-03-29,13256.0,13390.0
2017-03-27,13247.0,13381.0
2017-03-24,13262.0,13396.0
2017-03-23,13265.0,13399.0
2017-03-22,13268.0,13402.0
2017-03-21,13241.0,13375.0
2017-03-20,13262.0,13396.0
2017-03-17,13275.0,13409.0
2017-03-16,13269.0,13403.0
2017-03-15,13308.0,13442.0
2017-03-14,13293.0,13427.0
2017-03-13,13297.0,13431.0
2017-03-10,13326.0,13460.0
2017-03-09,13306.0,13440.0
2017-03-08,13273.0,13407.0
2017-03-07,13283.0,13417.0
2017-03-06,13297.0,13431.0
2017-03-03,13308.0,13442.0
2017-03-02,13294.0,13428.0
2017-03-01,13294.0,13428.0
2017-02-28,13280.0,13414.0
2017-02-27,13272.0,13406.0
2017-02-24,13269.0,13403.0
2017-02-23,13293.0,13427.0
2017-02-22,13289.0,13423.0
2017-02-21,13303.0,13437.0
2017-02-20,13285.0,13419.0
2017-02-17,13261.0,13395.0
2017-02-16,13262.0,13396.0
2017-02-14,13263.0,13397.0
2017-02-13,13263.0,13397.0
2017-02-10,13251.0,13385.0
2017-02-09,13241.0,13375.0
2017-02-08,13270.0,13404.0
2017-02-07,13255.0,13389.0
2017-02-06,13262.0,13396.0
2017-02-03,13295.0,13429.0
2017-02-02,13307.0,13441.0
2017-02-01,13282.0,13416.0
2017-01-31,13276.0,13410.0
2017-01-30,13268.0,13402.0
2017-01-27,13292.0,13426.0
2017-01-26,13258.0,13392.0
2017-01-25,13273.0,13407.0
2017-01-24,13263.0,13397.0
2017-01-23,13305.0,13439.0
2017-01-20,13315.0,13449.0
2017-01-19,13309.0,13443.0
2017-01-18,13261.0,13395.0
2017-01-17,13314.0,13448.0
2017-01-16,13287.0,13421.0
2017-01-13,13241.0,13375.0
2017-01-12,13222.0,13354.0
2017-01-11,13260.0,13394.0
2017-01-10,13253.0,13387.0
2017-01-09,13318.0,13452.0
2017-01-06,13280.0,13414.0
2017-01-05,13303.0,13437.0
2017-01-04,13411.0,13545.0
2017-01-03,13418.0,13552.0
2016-12-31,13369.0,13503.0
2016-12-30,13369.0,13503.0
2016-12-29,13406.0,13540.0
2016-12-28,13380.0,13514.0
2016-12-27,13369.0,13503.0
2016-12-23,13403.0,13537.0
2016-12-22,13368.0,13502.0
2016-12-21,13406.0,13540.0
2016-12-20,13326.0,13460.0
2016-12-19,13314.0,13448.0
2016-12-16,13359.0,13493.0
2016-12-15,13300.0,13434.0
2016-12-14,13219.0,13351.0
2016-12-13,13242.0,13376.0
2016-12-09,13270.0,13404.0
2016-12-08,13237.0,13371.0
2016-12-07,13269.0,13403.0
2016-12-06,13338.0,13472.0
2016-12-05,13448.0,13584.0
2016-12-02,13456.0,13592.0
2016-12-01,13514.0,13650.0
2016-11-30,13495.0,13631.0
2016-11-29,13481.0,13617.0
2016-11-28,13400.0,13534.0
2016-11-25,13502.0,13638.0
2016-11-24,13472.0,13608.0
2016-11-23,13406.0,13540.0
2016-11-22,13357.0,13491.0
2016-11-21,13371.0,13505.0
2016-11-18,13341.0,13475.0
2016-11-17,13318.0,13452.0
2016-11-16,13280.0,13414.0
2016-11-15,13271.0,13405.0
2016-11-14,13291.0,13425.0
2016-11-11,13283.0,13417.0
2016-11-10,13052.0,13184.0
2016-11-09,13019.0,13149.0
2016-11-08,13025.0,13155.0
2016-11-07,13017.0,13147.0
2016-11-04,13037.0,13169.0
2016-11-03,12985.0,13115.0
2016-11-02,12993.0,13123.0
2016-11-01,12971.0,13101.0
2016-10-31,12986.0,13116.0
2016-10-28,12983.0,13113.0
2016-10-27,12962.0,13092.0
2016-10-26,12932.0,13062.0
2016-10-25,12957.0,13087.0
2016-10-24,12982.0,13112.0
2016-10-21,12955.0,13085.0
2016-10-20,12934.0,13064.0
2016-10-19,12942.0,13072.0
2016-10-18,12979.0,13109.0
2016-10-17,12989.0,13119.0
2016-10-14,12982.0,13112.0
2016-10-13,12963.0,13093.0
2016-10-12,12958.0,13088.0
2016-10-11,12927.0,13057.0
2016-10-10,12904.0,13034.0
2016-10-07,12937.0,13067.0
2016-10-06,12927.0,13057.0
2016-10-05,12930.0,13060.0
2016-10-04,12923.0,13053.0
2016-10-03,12945.0,13075.0
2016-09-30,12933.0,13063.0
2016-09-29,12887.0,13017.0
2016-09-28,12861.0,12991.0
2016-09-27,12962.0,13092.0
2016-09-26,13011.0,13141.0
2016-09-23,13033.0,13163.0
2016-09-22,13033.0,13163.0
2016-09-21,13082.0,13214.0
2016-09-20,13076.0,13208.0
2016-09-19,13098.0,13230.0
2016-09-16,13065.0,13197.0
2016-09-15,13124.0,13256.0
2016-09-14,13162.0,13294.0
2016-09-13,13085.0,13217.0
2016-09-09,13024.0,13154.0
2016-09-08,13025.0,13155.0
2016-09-07,13021.0,13151.0
2016-09-06,13096.0,13228.0
2016-09-05,13131.0,13263.0
2016-09-02,13195.0,13327.0
2016-09-01,13203.0,13335.0
2016-08-31,13233.0,13367.0
2016-08-30,13194.0,13326.0
2016-08-29,13209.0,13341.0
2016-08-26,13176.0,13308.0
2016-08-25,13201.0,13333.0
2016-08-24,13186.0,13318.0
2016-08-23,13150.0,13282.0
2016-08-22,13131.0,13263.0
2016-08-19,13053.0,13185.0
2016-08-18,13048.0,13180.0
2016-08-16,13033.0,13163.0
2016-08-15,13055.0,13187.0
2016-08-12,13054.0,13186.0
2016-08-11,13047.0,13179.0
2016-08-10,13057.0,13189.0
2016-08-09,13067.0,13199.0
2016-08-08,13078.0,13210.0
2016-08-05,13059.0,13191.0
2016-08-04,13072.0,13204.0
2016-08-03,13048.0,13180.0
2016-08-02,13014.0,13144.0
2016-08-01,13015.0,13145.0
2016-07-29,13029.0,13159.0
2016-07-28,13047.0,13179.0
2016-07-27,13064.0,13196.0
2016-07-26,13084.0,13216.0
2016-07-25,13069.0,13201.0
2016-07-22,13036.0,13168.0
2016-07-21,13056.0,13188.0
2016-07-20,13034.0,13166.0
2016-07-19,13021.0,13151.0
2016-07-18,13046.0,13178.0
2016-07-15,13021.0,13151.0
2016-07-14,13023.0,13153.0
2016-07-13,13030.0,13160.0
2016-07-12,13085.0,13217.0
2016-07-11,13046.0,13178.0
2016-07-04,13106.0,13238.0
2016-07-01,13106.0,13238.0
2016-06-30,13114.0,13246.0
2016-06-29,13100.0,13232.0
2016-06-28,13190.0,13322.0
2016-06-27,13428.0,13562.0
2016-06-24,13230.0,13362.0
2016-06-23,13199.0,13331.0
2016-06-22,13232.0,13364.0
2016-06-21,13220.0,13352.0
2016-06-20,13194.0,13326.0
2016-06-17,13291.0,13425.0
2016-06-16,13260.0,13394.0
2016-06-15,13331.0,13465.0
2016-06-14,13207.0,13339.0
2016-06-13,13274.0,13408.0
2016-06-10,13242.0,13376.0
2016-06-09,13165.0,13297.0
2016-06-08,13175.0,13307.0
2016-06-07,13308.0,13442.0
2016-06-06,13411.0,13545.0
2016-06-03,13544.0,13680.0
2016-06-02,13627.0,13763.0
2016-06-01,13603.0,13739.0
2016-05-31,13547.0,13683.0
2016-05-30,13573.0,13709.0
2016-05-27,13507.0,13643.0
2016-05-26,13547.0,13683.0
2016-05-25,13603.0,13739.0
2016-05-24,13538.0,13674.0
2016-05-23,13539.0,13675.0
2016-05-20,13505.0,13641.0
2016-05-19,13400.0,13534.0
2016-05-18,13252.0,13386.0
2016-05-17,13212.0,13344.0
2016-05-16,13261.0,13395.0
2016-05-13,13244.0,13378.0
2016-05-12,13233.0,13365.0
2016-05-11,13205.0,13337.0
2016-05-10,13266.0,13400.0
2016-05-09,13218.0,13350.0
2016-05-04,13180.0,13312.0
2016-05-03,13096.0,13228.0
2016-05-02,13126.0,13258.0
2016-04-29,13138.0,13270.0
2016-04-28,13138.0,13270.0
2016-04-27,13107.0,13239.0
2016-04-26,13149.0,13281.0
2016-04-25,13169.0,13301.0
2016-04-22,13103.0,13235.0
2016-04-21,13116.0,13248.0
2016-04-20,13067.0,13199.0
2016-04-19,13084.0,13216.0
2016-04-18,13138.0,13270.0
2016-04-15,13100.0,13232.0
2016-04-14,13172.0,13304.0
2016-04-13,13031.0,13161.0
2016-04-12,13057.0,13189.0
2016-04-11,13068.0,13200.0
2016-04-08,13103.0,13235.0
2016-04-07,13131.0,13263.0
2016-04-06,13157.0,13289.0
2016-04-05,13151.0,13283.0
2016-04-04,13079.0,13211.0
2016-04-01,13134.0,13266.0
2016-03-31,13210.0,13342.0
2016-03-30,13292.0,13426.0
2016-03-29,13296.0,13430.0
2016-03-28,13256.0,13390.0
2016-03-24,13184.0,13316.0
2016-03-23,13101.0,13233.0
2016-03-22,13109.0,13241.0
2016-03-21,13094.0,13226.0
2016-03-18,12983.0,13113.0
2016-03-17,13100.0,13232.0
2016-03-16,13103.0,13235.0
2016-03-15,13022.0,13152.0
2016-03-14,12955.0,13085.0
2016-03-11,13022.0,13152.0
2016-03-10,13083.0,13215.0
2016-03-08,13062.0,13194.0
2016-03-07,12964.0,13094.0
2016-03-04,13093.0,13225.0
2016-03-03,13194.0,13326.0
2016-03-02,13247.0,13381.0
2016-03-01,13300.0,13434.0
2016-02-29,13328.0,13462.0
2016-02-26,13333.0,13467.0
2016-02-25,13349.0,13483.0
2016-02-24,13379.0,13513.0
2016-02-23,13330.0,13464.0
2016-02-22,13393.0,13527.0
2016-02-19,13481.0,13617.0
2016-02-18,13412.0,13546.0
2016-02-17,13436.0,13572.0
2016-02-16,13266.0,13400.0
2016-02-15,13409.0,13543.0
2016-02-12,13404.0,13538.0
2016-02-11,13302.0,13436.0
2016-02-10,13470.0,13606.0
2016-02-09,13621.0,13757.0
2016-02-05,13585.0,13721.0
2016-02-04,13594.0,13730.0
2016-02-03,13688.0,13826.0
2016-02-02,13553.0,13689.0
2016-02-01,13631.0,13767.0
2016-01-29,13777.0,13915.0
2016-01-28,13820.0,13958.0
2016-01-27,13802.0,13940.0
2016-01-26,13834.0,13974.0
2016-01-25,13775.0,13913.0
2016-01-22,13805.0,13943.0
2016-01-21,13830.0,13968.0
2016-01-20,13827.0,13965.0
2016-01-19,13851.0,13991.0
2016-01-18,13861.0,14001.0
2016-01-15,13817.0,13955.0
2016-01-14,13808.0,13946.0
2016-01-13,13792.0,13930.0
2016-01-12,13766.0,13904.0
2016-01-11,13865.0,14005.0
2016-01-08,13805.0,13943.0
2016-01-07,13876.0,14016.0
2016-01-06,13794.0,13932.0
2016-01-05,13861.0,14001.0
2016-01-04,13829.0,13967.0
2015-12-31,13726.0,13864.0
2015-12-30,13725.0,13863.0
2015-12-29,13590.0,13726.0
2015-12-28,13571.0,13707.0
2015-12-23,13576.0,13712.0
2015-12-22,13547.0,13683.0
2015-12-21,13803.0,13941.0
2015-12-18,13962.0,14102.0
2015-12-17,13958.0,14098.0
2015-12-16,13980.0,14120.0
2015-12-15,13995.0,14135.0
2015-12-14,14006.0,14146.0
2015-12-11,13867.0,14007.0
2015-12-10,13884.0,14024.0
2015-12-08,13784.0,13922.0
2015-12-07,13768.0,13906.0
2015-12-04,13764.0,13902.0
2015-12-03,13776.0,13914.0
2015-12-02,13688.0,13826.0
2015-12-01,13739.0,13877.0
2015-11-30,13771.0,13909.0
2015-11-27,13678.0,13816.0
2015-11-26,13664.0,13802.0
2015-11-25,13605.0,13741.0
2015-11-24,13654.0,13792.0
2015-11-23,13628.0,13764.0
2015-11-20,13670.0,13808.0
2015-11-19,13718.0,13856.0
2015-11-18,13694.0,13832.0
2015-11-17,13642.0,13780.0
2015-11-16,13663.0,13801.0
2015-11-13,13565.0,13701.0
2015-11-12,13507.0,13643.0
2015-11-11,13508.0,13644.0
2015-11-10,13551.0,13687.0
2015-11-09,13619.0,13755.0
2015-11-06,13482.0,13618.0
2015-11-05,13535.0,13671.0
2015-11-04,13394.0,13528.0
2015-11-03,13526.0,13662.0
2015-11-02,13614.0,13750.0
2015-10-30,13571.0,13707.0
2015-10-29,13494.0,13630.0
2015-10-28,13562.0,13698.0
2015-10-27,13558.0,13694.0
2015-10-26,13575.0,13711.0
2015-10-23,13424.0,13558.0
2015-10-22,13572.0,13708.0
2015-10-21,13628.0,13764.0
2015-10-20,13566.0,13702.0
2015-10-19,13495.0,13631.0
2015-10-16,13466.0,13602.0
2015-10-15,13222.0,13354.0
2015-10-13,13489.0,13625.0
2015-10-12,13399.0,13533.0
2015-10-09,13453.0,13589.0
2015-10-08,13740.0,13878.0
2015-10-07,13995.0,14135.0
2015-10-06,14310.0,14454.0
2015-10-05,14531.0,14677.0
2015-10-02,14635.0,14783.0
2015-10-01,14581.0,14727.0
2015-09-30,14584.0,14730.0
2015-09-29,14654.0,14802.0
2015-09-28,14623.0,14769.0
2015-09-25,14617.0,14763.0
2015-09-23,14550.0,14696.0
2015-09-22,14414.0,14558.0
2015-09-21,14379.0,14523.0
2015-09-18,14391.0,14535.0
2015-09-17,14380.0,14524.0
2015-09-16,14370.0,14514.0
2015-09-15,14299.0,14443.0
2015-09-14,14250.0,14394.0
2015-09-11,14234.0,14378.0
2015-09-10,14250.0,14394.0
2015-09-09,14173.0,14315.0
2015-09-08,14214.0,14356.0
2015-09-07,14163.0,14305.0
2015-09-04,14107.0,14249.0
2015-09-03,14089.0,14231.0
2015-09-02,14056.0,14198.0
2015-09-01,14011.0,14151.0
2015-08-31,13957.0,14097.0
2015-08-28,13941.0,14081.0
2015-08-27,14057.0,14199.0
2015-08-26,14031.0,14173.0
2015-08-25,13997.0,14137.0
2015-08-24,13928.0,14068.0
2015-08-21,13826.0,13964.0
2015-08-20,13769.0,13907.0
2015-08-19,13755.0,13893.0
2015-08-18,13762.0,13900.0
2015-08-14,13694.0,13832.0
2015-08-13,13678.0,13816.0
2015-08-12,13689.0,13827.0
2015-08-11,13473.0,13609.0
2015-08-10,13468.0,13604.0
2015-08-07,13468.0,13604.0
2015-08-06,13461.0,13597.0
2015-08-05,13449.0,13585.0
2015-08-04,13428.0,13562.0
2015-08-03,13425.0,13559.0
2015-07-31,13414.0,13548.0
2015-07-30,13401.0,13535.0
2015-07-29,13377.0,13511.0
2015-07-28,13393.0,13527.0
2015-07-27,13386.0,13520.0
2015-07-24,13381.0,13515.0
2015-07-23,13327.0,13461.0
2015-07-22,13301.0,13435.0
2015-07-15,13262.0,13396.0
2015-07-14,13253.0,13387.0
2015-07-13,13242.0,13376.0
2015-07-10,13237.0,13371.0
2015-07-09,13280.0,13414.0
2015-07-08,13279.0,13413.0
2015-07-07,13246.0,13380.0
2015-07-06,13286.0,13420.0
2015-07-03,13249.0,13383.0
2015-07-02,13270.0,13404.0
2015-07-01,13264.0,13398.0
2015-06-30,13265.0,13399.0
2015-06-29,13289.0,13423.0
2015-06-26,13271.0,13405.0
2015-06-25,13256.0,13390.0
2015-06-24,13214.0,13346.0
2015-06-23,13249.0,13383.0
2015-06-22,13251.0,13385.0
2015-06-19,13257.0,13391.0
2015-06-18,13274.0,13408.0
2015-06-17,13300.0,13434.0
2015-06-16,13266.0,13400.0
2015-06-15,13266.0,13400.0
2015-06-12,13250.0,13384.0
2015-06-11,13226.0,13358.0
2015-06-10,13262.0,13396.0
2015-06-09,13295.0,13429.0
2015-06-08,13293.0,13427.0
2015-06-05,13222.0,13354.0
2015-06-04,13177.0,13309.0
2015-06-03,13130.0,13262.0
2015-06-01,13164.0,13296.0
2015-05-29,13145.0,13277.0
2015-05-28,13139.0,13271.0
2015-05-27,13163.0,13295.0
2015-05-26,13126.0,13258.0
2015-05-25,13120.0,13252.0
2015-05-22,13070.0,13202.0
2015-05-21,13084.0,13216.0
2015-05-20,13103.0,13235.0
2015-05-19,13117.0,13249.0
2015-05-18,13050.0,13182.0
2015-05-15,13025.0,13155.0
2015-05-13,13122.0,13254.0
2015-05-12,13137.0,13269.0
2015-05-11,13050.0,13182.0
2015-05-08,13111.0,13243.0
2015-05-07,13000.0,13130.0
2015-05-06,12975.0,13105.0
2015-05-05,12928.0,13058.0
2015-05-04,12956.0,13086.0
2015-04-30,12872.0,13002.0
2015-04-29,12899.0,13029.0
2015-04-28,12913.0,13043.0
2015-04-27,12857.0,12987.0
2015-04-24,12876.0,13006.0
2015-04-23,12874.0,13004.0
2015-04-22,12887.0,13017.0
2015-04-21,12877.0,13007.0
2015-04-20,12811.0,12939.0
2015-04-17,12799.0,12927.0
2015-04-16,12774.0,12902.0
2015-04-15,12911.0,13041.0
2015-04-14,12914.0,13044.0
2015-04-13,12880.0,13010.0
2015-04-10,12845.0,12975.0
2015-04-09,12908.0,13038.0
2015-04-08,12937.0,13067.0
2015-04-07,12917.0,13047.0
2015-04-06,12877.0,13007.0
2015-04-02,12935.0,13065.0
2015-04-01,12978.0,13108.0
2015-03-31,13019.0,13149.0
2015-03-30,13021.0,13151.0
2015-03-27,12999.0,13129.0
2015-03-26,12938.0,13068.0
2015-03-25,12867.0,12997.0
2015-03-24,12907.0,13037.0
2015-03-23,13011.0,13141.0
2015-03-20,13010.0,13140.0
2015-03-19,12943.0,13073.0
2015-03-18,13098.0,13230.0
2015-03-17,13143.0,13275.0
2015-03-16,13171.0,13303.0
2015-03-13,13125.0,13257.0
2015-03-12,13110.0,13242.0
2015-03-11,13098.0,13230.0
2015-03-10,12994.0,13124.0
2015-03-09,12982.0,13112.0
2015-03-06,12918.0,13048.0
2015-03-05,12957.0,13087.0
2015-03-04,12898.0,13028.0
2015-03-03,12897.0,13027.0
2015-03-02,12928.0,13058.0
2015-02-27,12799.0,12927.0
2015-02-26,12798.0,12926.0
2015-02-25,12823.0,12951.0
2015-02-24,12802.0,12930.0
2015-02-23,12749.0,12877.0
2015-02-20,12785.0,12913.0
2015-02-18,12740.0,12868.0
2015-02-17,12693.0,12821.0
2015-02-16,12678.0,12806.0
2015-02-13,12705.0,12833.0
2015-02-12,12730.0,12858.0
2015-02-11,12636.0,12764.0
2015-02-10,12581.0,12707.0
2015-02-09,12616.0,12742.0
2015-02-06,12550.0,12676.0
2015-02-05,12590.0,12716.0
2015-02-04,12546.0,12672.0
2015-02-03,12580.0,12706.0
2015-02-02,12636.0,12764.0
2015-01-30,12562.0,12688.0
2015-01-29,12452.0,12578.0
2015-01-28,12436.0,12560.0
2015-01-27,12431.0,12555.0
2015-01-26,12454.0,12580.0
2015-01-23,12382.0,12506.0
2015-01-22,12389.0,12513.0
2015-01-21,12494.0,12620.0
2015-01-20,12596.0,12722.0
2015-01-19,12549.0,12675.0
2015-01-16,12530.0,12656.0
2015-01-15,12554.0,12680.0
2015-01-14,12517.0,12643.0
2015-01-13,12545.0,12671.0
2015-01-12,12505.0,12631.0
2015-01-09,12577.0,12703.0
2015-01-08,12667.0,12795.0
2015-01-07,12668.0,12796.0
2015-01-06,12595.0,12721.0
2015-01-05,12526.0,12652.0
2015-01-02,12412.0,12536.0
